step,time,loss,lr
0,1.9556195735931396,9.249267578125,0.0
1,6.568762302398682,9.25715446472168,5e-06
2,7.192526340484619,9.24362850189209,1e-05
3,7.726333141326904,9.236166000366211,1.5e-05
4,8.316331386566162,9.212425231933594,2e-05
5,8.837159872055054,9.201101303100586,2.5e-05
6,9.339901447296143,9.156933784484863,3e-05
7,9.868064403533936,9.124223709106445,3.5000000000000004e-05
8,10.343986988067627,9.085317611694336,4e-05
9,10.820010900497437,9.053790092468262,4.4999999999999996e-05
10,11.327537536621094,8.98737621307373,5e-05
11,11.839555025100708,8.945181846618652,5.5e-05
12,12.317321062088013,8.879712104797363,6e-05
13,12.805020809173584,8.79327392578125,6.500000000000001e-05
14,13.284049034118652,8.725381851196289,7.000000000000001e-05
15,13.730716466903687,8.654354095458984,7.5e-05
16,14.190850496292114,8.56378173828125,8e-05
17,14.658209562301636,8.477388381958008,8.5e-05
18,15.130183696746826,8.383970260620117,8.999999999999999e-05
19,15.596652030944824,8.301687240600586,9.5e-05
20,16.057997703552246,8.171143531799316,0.0001
21,16.522456407546997,8.138385772705078,0.000105
22,16.964871644973755,7.9937591552734375,0.00011
23,17.410698652267456,7.931624412536621,0.000115
24,17.870532989501953,7.821608066558838,0.00012
25,18.33332920074463,7.711422443389893,0.000125
26,18.788591384887695,7.59368371963501,0.00013000000000000002
27,19.240813970565796,7.57341194152832,0.000135
28,19.68138337135315,7.410189628601074,0.00014000000000000001
29,20.14789652824402,7.320527076721191,0.000145
30,20.595813274383545,7.208070755004883,0.00015
31,21.048834562301636,7.127345085144043,0.000155
32,21.502173900604248,7.005128860473633,0.00016
33,21.941846132278442,6.885226249694824,0.000165
34,22.38349986076355,6.805530548095703,0.00017
35,22.834161043167114,6.705586910247803,0.000175
36,23.29357647895813,6.599977493286133,0.00017999999999999998
37,23.74074673652649,6.530144691467285,0.000185
38,24.194512367248535,6.367778778076172,0.00019
39,24.639925479888916,6.297379016876221,0.00019500000000000002
40,25.07927393913269,6.14444637298584,0.0002
41,25.523828506469727,6.141489505767822,0.000205
42,25.971614599227905,5.966835975646973,0.00021
43,26.413004159927368,5.945201873779297,0.000215
44,26.856327533721924,5.87202262878418,0.00022
45,27.305487871170044,5.702232360839844,0.00022500000000000002
46,27.745238065719604,5.661089897155762,0.00023
47,28.193143606185913,5.635406494140625,0.000235
48,28.643242120742798,5.501092910766602,0.00024
49,29.093711614608765,5.511543273925781,0.000245
50,29.53999352455139,5.507162094116211,0.00025
51,29.984795093536377,5.406964302062988,0.000255
52,30.428431272506714,5.321563720703125,0.00026000000000000003
53,30.871830463409424,5.30813455581665,0.00026500000000000004
54,31.31072235107422,5.353065490722656,0.00027
55,31.75529432296753,5.226017951965332,0.000275
56,32.196017026901245,5.153139114379883,0.00028000000000000003
57,32.63501572608948,5.036437034606934,0.000285
58,33.07567381858826,5.049902439117432,0.00029
59,33.51994347572327,4.964393615722656,0.000295
60,33.95901846885681,4.912047863006592,0.0003
61,34.40448474884033,4.944931983947754,0.000305
62,34.84843468666077,4.831579685211182,0.00031
63,35.29435443878174,4.769206523895264,0.000315
64,35.733065128326416,4.816130638122559,0.00032
65,36.180121421813965,4.682196140289307,0.00032500000000000004
66,36.62836217880249,4.705334186553955,0.00033
67,37.07147812843323,4.82124662399292,0.000335
68,37.51310443878174,4.713972091674805,0.00034
69,37.956421852111816,4.689360618591309,0.000345
70,38.408122539520264,4.673944473266602,0.00035
71,38.85769772529602,4.6500244140625,0.000355
72,39.297889947891235,4.573467254638672,0.00035999999999999997
73,39.737850189208984,4.462876319885254,0.000365
74,40.17994570732117,4.44243049621582,0.00037
75,40.62263059616089,4.5404253005981445,0.000375
76,41.06513833999634,4.385919094085693,0.00038
77,41.51138877868652,4.408890724182129,0.00038500000000000003
78,41.960806369781494,4.317643165588379,0.00039000000000000005
79,42.403132915496826,4.345582008361816,0.000395
80,42.848023414611816,4.325841426849365,0.0004
81,43.293498039245605,4.364048957824707,0.00040500000000000003
82,43.736363649368286,4.33934211730957,0.00041
83,44.176607608795166,4.259849548339844,0.000415
84,44.62214803695679,4.334772109985352,0.00042
85,45.06652879714966,4.320528507232666,0.000425
86,45.51998257637024,4.137179374694824,0.00043
87,45.965383768081665,4.1747331619262695,0.000435
88,46.40912055969238,4.287285804748535,0.00044
89,46.86244058609009,4.1921892166137695,0.00044500000000000003
90,47.30343222618103,4.095542907714844,0.00045000000000000004
91,47.74599885940552,4.122216701507568,0.000455
92,48.19328808784485,4.121026515960693,0.00046
93,48.63291668891907,4.221107006072998,0.000465
94,49.074135303497314,4.150818347930908,0.00047
95,49.520472288131714,4.087845802307129,0.000475
96,49.961665391922,3.9679665565490723,0.00048
97,50.404016733169556,4.015708923339844,0.00048499999999999997
98,50.846558570861816,4.108638763427734,0.00049
99,51.28882431983948,3.9420671463012695,0.000495
100,51.731775999069214,4.006678581237793,0.0005
101,52.17404651641846,3.9393577575683594,0.000505
102,52.613656520843506,3.830374240875244,0.00051
103,53.05835723876953,3.797349214553833,0.000515
104,53.50797891616821,3.935245990753174,0.0005200000000000001
105,53.95822477340698,3.8685801029205322,0.0005250000000000001
106,54.40366721153259,3.893204689025879,0.0005300000000000001
107,54.86018633842468,3.9980146884918213,0.000535
108,55.308512449264526,3.8040122985839844,0.00054
109,55.76669001579285,3.8031740188598633,0.000545
110,56.21373391151428,3.8916733264923096,0.00055
111,56.663089752197266,3.739177703857422,0.000555
112,57.12968111038208,3.8826465606689453,0.0005600000000000001
113,57.5776629447937,3.839460849761963,0.000565
114,58.030067682266235,3.786511182785034,0.00057
115,58.4756338596344,3.85019588470459,0.000575
116,58.92154288291931,3.753056526184082,0.00058
117,59.36763072013855,3.6222729682922363,0.000585
118,59.82302904129028,3.6899495124816895,0.00059
119,60.27903437614441,3.829714059829712,0.0005949999999999999
120,60.725831508636475,3.804457664489746,0.0006
121,61.178322076797485,3.6761386394500732,0.000605
122,61.63065481185913,3.744018793106079,0.00061
123,62.08214330673218,3.6647300720214844,0.000615
124,62.53169131278992,3.5210812091827393,0.00062
125,62.99804353713989,3.731259346008301,0.000625
126,63.44598937034607,3.575697660446167,0.00063
127,63.90224075317383,3.5767321586608887,0.000635
128,64.35571098327637,3.6536121368408203,0.00064
129,64.80617451667786,3.7974629402160645,0.0006450000000000001
130,65.26055884361267,3.576500177383423,0.0006500000000000001
131,65.70653200149536,3.536262035369873,0.0006550000000000001
132,66.15491604804993,3.636246681213379,0.00066
133,66.60732245445251,3.4527034759521484,0.000665
134,67.05042743682861,3.556459426879883,0.00067
135,67.50237727165222,3.469932794570923,0.000675
136,67.95060634613037,3.676939010620117,0.00068
137,68.40205407142639,3.49824595451355,0.0006850000000000001
138,68.8607075214386,3.5533266067504883,0.00069
139,69.30767917633057,3.52826189994812,0.000695
140,69.75345396995544,3.4971325397491455,0.0007
141,70.20100688934326,3.451155185699463,0.000705
142,70.64836287498474,3.547788143157959,0.00071
143,71.09572291374207,3.421140432357788,0.000715
144,71.55155992507935,3.5270681381225586,0.0007199999999999999
145,71.99936747550964,3.434288501739502,0.000725
146,72.45062828063965,3.331920623779297,0.00073
147,72.89942717552185,3.4644322395324707,0.000735
148,73.34677648544312,3.3886165618896484,0.00074
149,73.79550075531006,3.461662769317627,0.000745
150,74.24527883529663,3.4710588455200195,0.00075
151,74.70266437530518,3.3498873710632324,0.000755
152,75.1496250629425,3.4110565185546875,0.00076
153,75.60005927085876,3.4784622192382812,0.0007650000000000001
154,76.04739665985107,3.3212838172912598,0.0007700000000000001
155,76.49305844306946,3.4508659839630127,0.0007750000000000001
156,76.94335842132568,3.409363269805908,0.0007800000000000001
157,77.3993227481842,3.3080391883850098,0.000785
158,77.84446787834167,3.353778839111328,0.00079
159,78.29235625267029,3.3397812843322754,0.000795
160,78.74304103851318,3.3331985473632812,0.0008
161,79.19184279441833,3.2809619903564453,0.000805
162,79.63834834098816,3.467597484588623,0.0008100000000000001
163,80.08654356002808,3.3886492252349854,0.000815
164,80.53641200065613,3.341304302215576,0.00082
165,80.9854507446289,3.2483620643615723,0.000825
166,81.43174052238464,3.3229103088378906,0.00083
167,81.88207364082336,3.263026714324951,0.000835
168,82.32782125473022,3.3106777667999268,0.00084
169,82.77768611907959,3.147012233734131,0.0008449999999999999
170,83.23225140571594,3.384477138519287,0.00085
171,83.6805157661438,3.2714242935180664,0.000855
172,84.13145279884338,3.3077926635742188,0.00086
173,84.58838152885437,3.2092626094818115,0.000865
174,85.03570318222046,3.1905062198638916,0.00087
175,85.4862859249115,3.199629783630371,0.000875
176,85.93749713897705,3.242668390274048,0.00088
177,86.38531851768494,3.2592968940734863,0.000885
178,86.83497428894043,3.2156691551208496,0.0008900000000000001
179,87.28549933433533,3.163381576538086,0.0008950000000000001
180,87.73379802703857,3.2414000034332275,0.0009000000000000001
181,88.18721151351929,3.2767205238342285,0.0009050000000000001
182,88.63927388191223,3.178844690322876,0.00091
183,89.09329390525818,3.130094528198242,0.000915
184,89.5424017906189,3.3088185787200928,0.00092
185,89.99615907669067,3.1406118869781494,0.000925
186,90.44676542282104,3.1373450756073,0.00093
187,90.8924732208252,3.1173510551452637,0.0009350000000000001
188,91.33621835708618,3.262850284576416,0.00094
189,91.78012323379517,3.144345760345459,0.000945
190,92.22761940956116,3.184706211090088,0.00095
191,92.68666577339172,3.153568983078003,0.000955
192,93.14354729652405,3.166182041168213,0.00096
193,93.60434484481812,3.2351322174072266,0.000965
194,94.04965734481812,3.013352155685425,0.0009699999999999999
195,94.49401235580444,3.275512218475342,0.000975
196,94.94129371643066,3.026977300643921,0.00098
197,95.39532399177551,3.0739479064941406,0.000985
198,95.84225392341614,3.132067918777466,0.00099
199,96.29305863380432,3.227910041809082,0.000995
200,96.73824834823608,3.1077985763549805,0.001
201,97.18419218063354,3.2824549674987793,0.0009999999036171478
202,97.6361939907074,3.058816909790039,0.0009999996144686332
203,98.08189249038696,3.047492504119873,0.0009999991325545792
204,98.53056144714355,3.0606319904327393,0.000999998457875193
205,98.98341631889343,3.044088840484619,0.0009999975904307634
206,99.43240547180176,3.1700122356414795,0.0009999965302216617
207,99.88191413879395,2.9609789848327637,0.0009999952772483424
208,100.33091521263123,3.064875841140747,0.000999993831511342
209,100.78219056129456,3.1159563064575195,0.00099999219301128
210,101.22805309295654,3.022679328918457,0.0009999903617488582
211,101.67593669891357,2.964749574661255,0.000999988337724861
212,102.12695860862732,3.071439266204834,0.0009999861209401553
213,102.57313394546509,3.059450149536133,0.000999983711395691
214,103.0220422744751,2.9872841835021973,0.0009999811090925003
215,103.47062873840332,3.0867795944213867,0.0009999783140316977
216,103.9177827835083,2.8832449913024902,0.0009999753262144805
217,104.36235666275024,2.9985294342041016,0.0009999721456421288
218,104.81080293655396,2.9886059761047363,0.0009999687723160047
219,105.25869846343994,3.0119457244873047,0.0009999652062375537
220,105.70170378684998,3.0283594131469727,0.000999961447408303
221,106.15237140655518,3.077467441558838,0.0009999574958298632
222,106.60302352905273,3.0172629356384277,0.0009999533515039267
223,107.04964470863342,3.0345981121063232,0.0009999490144322685
224,107.49862551689148,3.0284230709075928,0.0009999444846167471
225,107.94541525840759,3.0648040771484375,0.0009999397620593029
226,108.39470100402832,3.0824198722839355,0.0009999348467619584
227,108.84040880203247,3.0247766971588135,0.0009999297387268192
228,109.29254817962646,3.0023996829986572,0.0009999244379560739
229,109.74256753921509,3.162538528442383,0.0009999189444519926
230,110.19391965866089,2.8441874980926514,0.0009999132582169292
231,110.63905811309814,2.971025228500366,0.0009999073792533188
232,111.08630561828613,3.0803275108337402,0.0009999013075636803
233,111.53419613838196,3.030956268310547,0.0009998950431506146
234,111.98248291015625,2.8885512351989746,0.0009998885860168047
235,112.43072867393494,2.989443778991699,0.000999881936165017
236,112.87775349617004,2.9207770824432373,0.0009998750935981003
237,113.32399821281433,3.0827584266662598,0.0009998680583189852
238,113.77573800086975,2.9776268005371094,0.0009998608303306857
239,114.21886372566223,2.9342575073242188,0.000999853409636298
240,114.67560887336731,2.9154231548309326,0.0009998457962390006
241,115.12214398384094,2.9831461906433105,0.0009998379901420555
242,115.57069706916809,2.9609034061431885,0.000999829991348806
243,116.02253031730652,3.0229387283325195,0.0009998217998626788
244,116.47351288795471,2.9567887783050537,0.0009998134156871828
245,116.9198408126831,2.884570598602295,0.0009998048388259095
246,117.37021970748901,2.9332332611083984,0.000999796069282533
247,117.81789922714233,2.8306198120117188,0.0009997871070608097
248,118.26737904548645,2.8775901794433594,0.0009997779521645793
249,118.71386981010437,2.917451858520508,0.0009997686045977628
250,119.16551375389099,2.9376871585845947,0.0009997590643643646
251,119.61019492149353,2.7950735092163086,0.0009997493314684715
252,120.06404137611389,3.1283695697784424,0.0009997394059142529
253,120.51242971420288,2.9290401935577393,0.0009997292877059602
254,120.95746684074402,2.8733088970184326,0.000999718976847928
255,121.405024766922,2.947333574295044,0.0009997084733445734
256,121.85512089729309,2.9110636711120605,0.0009996977772003953
257,122.30208945274353,2.984571695327759,0.0009996868884199757
258,122.75232720375061,2.888209581375122,0.0009996758070079793
259,123.199862241745,2.9749414920806885,0.0009996645329691525
260,123.64745330810547,2.9180314540863037,0.0009996530663083252
261,124.097092628479,2.8278701305389404,0.0009996414070304093
262,124.54267835617065,2.9636600017547607,0.000999629555140399
263,124.997394323349,3.0396039485931396,0.0009996175106433715
264,125.44574856758118,2.903763771057129,0.0009996052735444863
265,125.88915586471558,2.855760335922241,0.0009995928438489851
266,126.3328583240509,2.883145332336426,0.0009995802215621928
267,126.7794497013092,2.797783374786377,0.000999567406689516
268,127.22364664077759,2.8640379905700684,0.0009995543992364444
269,127.67367601394653,2.821680784225464,0.0009995411992085499
270,128.12017846107483,2.85074520111084,0.000999527806611487
271,128.56475281715393,2.615279197692871,0.0009995142214509927
272,129.0152232646942,2.766347646713257,0.0009995004437328865
273,129.4627902507782,2.8018503189086914,0.0009994864734630701
274,129.914954662323,2.8424110412597656,0.0009994723106475283
275,130.36279368400574,2.9589052200317383,0.0009994579552923275
276,130.81176137924194,2.774367332458496,0.0009994434074036176
277,131.2589111328125,2.859523296356201,0.00099942866698763
278,131.70441341400146,2.673506259918213,0.0009994137340506794
279,132.15231204032898,2.768057346343994,0.0009993986085991623
280,132.596937417984,2.952709674835205,0.0009993832906395582
281,133.04488921165466,2.7515506744384766,0.0009993677801784287
282,133.48957562446594,2.8370728492736816,0.000999352077222418
283,133.9364218711853,2.664212226867676,0.0009993361817782526
284,134.3806767463684,2.799088478088379,0.0009993200938527421
285,134.8290958404541,2.923957347869873,0.0009993038134527776
286,135.27894926071167,2.799691677093506,0.0009992873405853331
287,135.72580862045288,2.7459373474121094,0.0009992706752574652
288,136.17274832725525,2.6070446968078613,0.0009992538174763126
289,136.62029266357422,2.706310987472534,0.000999236767249097
290,137.0687620639801,2.8250975608825684,0.0009992195245831221
291,137.5194375514984,2.7383627891540527,0.0009992020894857739
292,137.96909737586975,2.7056291103363037,0.000999184461964521
293,138.41242909431458,2.6810779571533203,0.000999166642026915
294,138.86003160476685,2.8275442123413086,0.0009991486296805888
295,139.30292749404907,2.803072452545166,0.0009991304249332583
296,139.74884629249573,2.8196496963500977,0.0009991120277927223
297,140.19847345352173,2.7711524963378906,0.0009990934382668611
298,140.65004348754883,2.8080320358276367,0.000999074656363638
299,141.10046339035034,2.821460008621216,0.0009990556820910989
300,141.55062341690063,2.867058277130127,0.0009990365154573715
301,141.99698090553284,2.8686037063598633,0.0009990171564706661
302,142.44516038894653,2.7241361141204834,0.0009989976051392757
303,142.88982319831848,2.7901172637939453,0.0009989778614715751
304,143.34450840950012,2.915506601333618,0.0009989579254760224
305,143.7917606830597,2.8204946517944336,0.000998937797161157
306,144.24129629135132,2.7497689723968506,0.0009989174765356016
307,144.69055581092834,2.8337440490722656,0.0009988969636080607
308,145.13674664497375,2.8419933319091797,0.0009988762583873216
309,145.5806269645691,2.8306474685668945,0.0009988553608822534
310,146.02782082557678,2.690324306488037,0.0009988342711018084
311,146.48095726966858,2.814142942428589,0.0009988129890550204
312,146.92938256263733,2.7672200202941895,0.000998791514751006
313,147.37937450408936,2.772984504699707,0.0009987698481989645
314,147.828928232193,2.69679594039917,0.0009987479894081768
315,148.27828288078308,2.742298126220703,0.0009987259383880064
316,148.72588515281677,2.7556545734405518,0.0009987036951478994
317,149.17162203788757,2.614837646484375,0.0009986812596973844
318,149.61978268623352,2.8049354553222656,0.0009986586320460717
319,150.06844639778137,2.7394466400146484,0.0009986358122036543
320,150.5127248764038,2.6943607330322266,0.0009986128001799076
321,150.9572672843933,2.8126907348632812,0.0009985895959846891
322,151.4058997631073,2.663907051086426,0.0009985661996279387
323,151.85001277923584,2.720560073852539,0.0009985426111196788
324,152.29986357688904,2.7850656509399414,0.000998518830470014
325,152.74382376670837,2.7408881187438965,0.000998494857689131
326,153.19111847877502,2.7037441730499268,0.0009984706927872993
327,153.64380383491516,2.7488481998443604,0.00099844633577487
328,154.08776783943176,2.7235865592956543,0.000998421786662277
329,154.53761982917786,2.6622366905212402,0.0009983970454600364
330,154.98979473114014,2.734785556793213,0.0009983721121787463
331,155.43874621391296,2.6642985343933105,0.0009983469868290878
332,155.88851380348206,2.7816615104675293,0.0009983216694218235
333,156.33692741394043,2.5919570922851562,0.0009982961599677986
334,156.783038854599,2.6204428672790527,0.0009982704584779406
335,157.23118233680725,2.7348268032073975,0.0009982445649632592
336,157.6781177520752,2.6911277770996094,0.0009982184794348464
337,158.12250661849976,2.8878064155578613,0.0009981922019038762
338,158.5719928741455,2.701127529144287,0.000998165732381605
339,159.01555800437927,2.8020496368408203,0.000998139070879372
340,159.46603655815125,2.687880039215088,0.0009981122174085976
341,159.91103887557983,2.7770748138427734,0.0009980851719807854
342,160.35175943374634,2.6069517135620117,0.0009980579346075206
343,160.80178332328796,2.669907808303833,0.000998030505300471
344,161.2443687915802,2.714587688446045,0.000998002884071386
345,161.69142770767212,2.668241262435913,0.000997975070932098
346,162.1458113193512,2.721046209335327,0.0009979470658945213
347,162.58808064460754,2.741469383239746,0.0009979188689706521
348,163.03330826759338,2.6915571689605713,0.0009978904801725694
349,163.47678899765015,2.7104203701019287,0.0009978618995124338
350,163.92047476768494,2.6387088298797607,0.0009978331270024887
351,164.36844301223755,2.6156997680664062,0.0009978041626550588
352,164.8163616657257,2.6509170532226562,0.000997775006482552
353,165.26399683952332,2.654203176498413,0.0009977456584974573
354,165.70852732658386,2.7114272117614746,0.000997716118712347
355,166.15270066261292,2.753127336502075,0.0009976863871398749
356,166.6041922569275,2.713991165161133,0.000997656463792777
357,167.05154538154602,2.68852162361145,0.0009976263486838712
358,167.4986584186554,2.6352899074554443,0.0009975960418260584
359,167.94594025611877,2.7270939350128174,0.0009975655432323206
360,168.3949155807495,2.6473388671875,0.0009975348529157229
361,168.84057688713074,2.6578385829925537,0.000997503970889412
362,169.29145908355713,2.648749828338623,0.0009974728971666163
363,169.7361776828766,2.64426326751709,0.000997441631760647
364,170.17893505096436,2.63979434967041,0.0009974101746848974
365,170.62212109565735,2.668614149093628,0.0009973785259528426
366,171.06879806518555,2.6197257041931152,0.00099734668557804
367,171.51350784301758,2.597285747528076,0.000997314653574129
368,171.96384811401367,2.5999362468719482,0.0009972824299548308
369,172.4100739955902,2.6289055347442627,0.0009972500147339494
370,172.85517144203186,2.603781223297119,0.00099721740792537
371,173.30264449119568,2.687325954437256,0.000997184609543061
372,173.74668073654175,2.6549129486083984,0.0009971516196010713
373,174.1933286190033,2.7818994522094727,0.0009971184381135333
374,174.6423053741455,2.6425299644470215,0.000997085065094661
375,175.08846807479858,2.6458544731140137,0.00099705150055875
376,175.53286170959473,2.533867120742798,0.0009970177445201784
377,175.98043155670166,2.541747808456421,0.0009969837969934063
378,176.4289174079895,2.6968162059783936,0.0009969496579929754
379,176.87285208702087,2.6814332008361816,0.0009969153275335104
380,177.3201847076416,2.6170406341552734,0.000996880805629717
381,177.76492404937744,2.466641902923584,0.000996846092296383
382,178.21097230911255,2.7475218772888184,0.000996811187548379
383,178.65455651283264,2.660092830657959,0.0009967760914006566
384,179.0996870994568,2.6080617904663086,0.0009967408038682505
385,179.5426526069641,2.488656997680664,0.0009967053249662762
386,179.98573565483093,2.550428867340088,0.000996669654709932
387,180.43273067474365,2.4404125213623047,0.000996633793114498
388,180.87601017951965,2.6470093727111816,0.0009965977401953357
389,181.3225245475769,2.458940029144287,0.0009965614959678896
390,181.76709270477295,2.677457332611084,0.0009965250604476851
391,182.21223831176758,2.5554676055908203,0.0009964884336503303
392,182.65289974212646,2.5871903896331787,0.000996451615591515
393,183.09744429588318,2.6212568283081055,0.0009964146062870106
394,183.5412721633911,2.776548147201538,0.0009963774057526712
395,183.98515558242798,2.546677350997925,0.0009963400140044316
396,184.42937111854553,2.467957019805908,0.00099630243105831
397,184.87554025650024,2.5958046913146973,0.0009962646569304052
398,185.32449293136597,2.6729981899261475,0.0009962266916368986
399,185.7727451324463,2.5792088508605957,0.0009961885351940534
400,186.22459816932678,2.661724090576172,0.0009961501876182147
401,186.66660380363464,2.5596413612365723,0.000996111648925809
402,187.1125774383545,2.60776424407959,0.0009960729191333454
403,187.5608251094818,2.608736515045166,0.0009960339982574146
404,188.00935053825378,2.53408145904541,0.0009959948863146886
405,188.45586395263672,2.463986396789551,0.0009959555833219222
406,188.89966464042664,2.578249454498291,0.0009959160892959512
407,189.3460500240326,2.616558313369751,0.0009958764042536936
408,189.79080247879028,2.5412724018096924,0.0009958365282121495
409,190.23454236984253,2.6276912689208984,0.0009957964611884004
410,190.68013954162598,2.565225124359131,0.0009957562031996097
411,191.1289927959442,2.5232090950012207,0.0009957157542630228
412,191.57330012321472,2.607789993286133,0.0009956751143959663
413,192.01755356788635,2.5226078033447266,0.0009956342836158494
414,192.46234726905823,2.4851772785186768,0.0009955932619401626
415,192.90718603134155,2.578000783920288,0.0009955520493864784
416,193.3541295528412,2.68530011177063,0.000995510645972451
417,193.80210089683533,2.5254695415496826,0.0009954690517158158
418,194.2463095188141,2.535470962524414,0.0009954272666343911
419,194.6946301460266,2.534386396408081,0.000995385290746076
420,195.14253878593445,2.5866215229034424,0.0009953431240688516
421,195.5888226032257,2.573485851287842,0.0009953007666207807
422,196.04272747039795,2.5742149353027344,0.0009952582184200082
423,196.4880406856537,2.6651759147644043,0.0009952154794847603
424,196.9346318244934,2.585712432861328,0.0009951725498333448
425,197.38274812698364,2.6376986503601074,0.0009951294294841516
426,197.83391523361206,2.470465660095215,0.0009950861184556516
427,198.27478528022766,2.6427767276763916,0.0009950426167663986
428,198.72123742103577,2.6396026611328125,0.0009949989244350272
429,199.16465711593628,2.4885499477386475,0.0009949550414802533
430,199.61150002479553,2.582416296005249,0.0009949109679208753
431,200.0541889667511,2.5293939113616943,0.000994866703775773
432,200.50316739082336,2.601294994354248,0.0009948222490639075
433,200.94607424736023,2.552975654602051,0.0009947776038043222
434,201.39176893234253,2.4973607063293457,0.000994732768016141
435,201.8380742073059,2.5965723991394043,0.000994687741718571
436,202.2838077545166,2.7336044311523438,0.0009946425249308995
437,202.73472619056702,2.4528584480285645,0.000994597117672496
438,203.18223524093628,2.57607102394104,0.0009945515199628117
439,203.62929487228394,2.3720877170562744,0.0009945057318213788
440,204.07118487358093,2.3599133491516113,0.000994459753267812
441,204.5162160396576,2.6407456398010254,0.0009944135843218066
442,204.96849727630615,2.6614856719970703,0.0009943672250031404
443,205.4146809577942,2.606955051422119,0.0009943206753316718
444,205.8636839389801,2.6058645248413086,0.0009942739353273413
445,206.30843567848206,2.5453431606292725,0.0009942270050101712
446,206.75625610351562,2.552933931350708,0.0009941798844002644
447,207.21183395385742,2.492429733276367,0.0009941325735178064
448,207.65527057647705,2.4694814682006836,0.0009940850723830633
449,208.10289216041565,2.518204927444458,0.000994037381016383
450,208.5458745956421,2.4763927459716797,0.0009939894994381955
451,208.99659657478333,2.4791321754455566,0.0009939414276690112
452,209.43832349777222,2.4713006019592285,0.0009938931657294228
453,209.88221073150635,2.525871753692627,0.0009938447136401043
454,210.32582306861877,2.5339441299438477,0.0009937960714218107
455,210.76877450942993,2.623568534851074,0.0009937472390953788
456,211.21180748939514,2.622847080230713,0.0009936982166817271
457,211.65849924087524,2.5076847076416016,0.000993649004201855
458,212.101881980896,2.625051975250244,0.000993599601676844
459,212.551283121109,2.506894826889038,0.0009935500091278558
460,212.99812078475952,2.5256357192993164,0.000993500226576135
461,213.4415888786316,2.660393476486206,0.0009934502540430064
462,213.88581085205078,2.3679909706115723,0.0009934000915498768
463,214.3329164981842,2.459282875061035,0.0009933497391182344
464,214.7813081741333,2.595717430114746,0.000993299196769648
465,215.2241714000702,2.5385844707489014,0.0009932484645257694
466,215.66617584228516,2.534090280532837,0.0009931975424083295
467,216.11409449577332,2.4521617889404297,0.0009931464304391425
468,216.55853009223938,2.4898440837860107,0.000993095128640103
469,217.00276923179626,2.402980327606201,0.0009930436370331865
470,217.44685125350952,2.545846939086914,0.0009929919556404512
471,217.89051127433777,2.4399423599243164,0.0009929400844840353
472,218.3369152545929,2.527164936065674,0.0009928880235861588
473,218.78400015830994,2.4734978675842285,0.000992835772969123
474,219.226891040802,2.514596939086914,0.0009927833326553105
475,219.66961908340454,2.480924606323242,0.0009927307026671847
476,220.11057257652283,2.5567479133605957,0.0009926778830272912
477,220.56066727638245,2.568119525909424,0.0009926248737582557
478,221.0071403980255,2.5116162300109863,0.000992571674882786
479,221.45264768600464,2.5170440673828125,0.0009925182864236705
480,221.89801287651062,2.5001349449157715,0.0009924647084037796
481,222.3412675857544,2.6257357597351074,0.000992410940846064
482,222.78822541236877,2.495242118835449,0.0009923569837735561
483,223.23383355140686,2.4888617992401123,0.0009923028372093698
484,223.68293237686157,2.5303544998168945,0.0009922485011766991
485,224.12847089767456,2.2864224910736084,0.0009921939756988203
486,224.5728988647461,2.402106285095215,0.0009921392607990902
487,225.01164078712463,2.5070321559906006,0.000992084356500947
488,225.4644808769226,2.549067497253418,0.00099202926282791
489,225.90892434120178,2.48085618019104,0.0009919739798035794
490,226.34986901283264,2.5246405601501465,0.0009919185074516368
491,226.79857683181763,2.544987678527832,0.0009918628457958449
492,227.24348831176758,2.490109920501709,0.000991806994860047
493,227.6869125366211,2.5077290534973145,0.0009917509546681683
494,228.1328637599945,2.4983508586883545,0.0009916947252442145
495,228.58192348480225,2.3015100955963135,0.0009916383066122724
496,229.02675080299377,2.517019748687744,0.0009915816987965103
497,229.46842646598816,2.6136579513549805,0.0009915249018211767
498,229.92041206359863,2.4134457111358643,0.000991467915710602
499,230.36991953849792,2.45007586479187,0.0009914107404891967
500,230.81737685203552,2.555345058441162,0.0009913533761814538
501,234.53603315353394,2.4843502044677734,0.0009912958228119452
502,234.98908948898315,2.5006299018859863,0.0009912380804053258
503,235.4365644454956,2.4926815032958984,0.0009911801489863304
504,235.87956023216248,2.5011258125305176,0.0009911220285797747
505,236.32449531555176,2.3890562057495117,0.000991063719210556
506,236.76935124397278,2.4735116958618164,0.000991005220903652
507,237.212993144989,2.3656444549560547,0.0009909465336841216
508,237.6569104194641,2.5079901218414307,0.0009908876575771043
509,238.1017563343048,2.5095419883728027,0.000990828592607821
510,238.5454511642456,2.3915557861328125,0.000990769338801573
511,238.9926311969757,2.4371747970581055,0.0009907098961837433
512,239.43854522705078,2.4172987937927246,0.0009906502647797945
513,239.88265824317932,2.530089855194092,0.0009905904446152714
514,240.33078241348267,2.413970947265625,0.0009905304357157986
515,240.77515149116516,2.458003044128418,0.0009904702381070825
516,241.21718311309814,2.396589756011963,0.0009904098518149094
517,241.66449451446533,2.5139431953430176,0.000990349276865147
518,242.11346197128296,2.456456184387207,0.000990288513283744
519,242.56007289886475,2.4811415672302246,0.0009902275610967292
520,243.00226736068726,2.459228992462158,0.0009901664203302125
521,243.44471263885498,2.377163887023926,0.000990105091010385
522,243.88958168029785,2.372706174850464,0.000990043573163518
523,244.33934807777405,2.4365181922912598,0.0009899818668159639
524,244.7864270210266,2.323482036590576,0.0009899199719941559
525,245.22975897789001,2.3245677947998047,0.0009898578887246074
526,245.67867970466614,2.4665167331695557,0.000989795617033913
527,246.12164092063904,2.5422518253326416,0.000989733156948748
528,246.56883120536804,2.5131568908691406,0.0009896705084958687
529,247.01780700683594,2.387861967086792,0.000989607671702111
530,247.46621894836426,2.4900362491607666,0.0009895446465943926
531,247.90888690948486,2.4369382858276367,0.0009894814331997113
532,248.35107350349426,2.389820098876953,0.0009894180315451458
533,248.79403948783875,2.4376158714294434,0.0009893544416578555
534,249.23838543891907,2.3671305179595947,0.00098929066356508
535,249.68622875213623,2.3813323974609375,0.0009892266972941397
536,250.12978053092957,2.4451653957366943,0.0009891625428724363
537,250.57409238815308,2.438232660293579,0.000989098200327451
538,251.0210678577423,2.3794002532958984,0.0009890336696867462
539,251.46879148483276,2.301030158996582,0.000988968950977965
540,251.9135081768036,2.370800495147705,0.0009889040442288305
541,252.3607451915741,2.435126781463623,0.0009888389494671472
542,252.80781483650208,2.402435779571533,0.000988773666720799
543,253.25186681747437,2.5146257877349854,0.0009887081960177513
544,253.70727825164795,2.343085289001465,0.0009886425373860498
545,254.1518952846527,2.4349770545959473,0.0009885766908538202
546,254.59841346740723,2.3286452293395996,0.0009885106564492695
547,255.0419578552246,2.448838233947754,0.0009884444342006843
548,255.4882788658142,2.51655912399292,0.0009883780241364323
549,255.93054962158203,2.354081869125366,0.0009883114262849613
550,256.3769726753235,2.352614641189575,0.0009882446406748002
551,256.82029843330383,2.4632511138916016,0.0009881776673345572
552,257.2691309452057,2.4197211265563965,0.000988110506292922
553,257.7194092273712,2.3726325035095215,0.0009880431575786644
554,258.1646490097046,2.3508362770080566,0.0009879756212206336
555,258.60894775390625,2.3859477043151855,0.000987907897247761
556,259.0551333427429,2.461247205734253,0.0009878399856890568
557,259.4989836215973,2.3587427139282227,0.0009877718865736126
558,259.94326615333557,2.3434884548187256,0.0009877035999305993
559,260.38988995552063,2.433234930038452,0.0009876351257892694
560,260.83808517456055,2.4284939765930176,0.0009875664641789544
561,261.2885961532593,2.3517441749572754,0.0009874976151290672
562,261.7397756576538,2.377858877182007,0.0009874285786691005
563,262.18419885635376,2.4034976959228516,0.0009873593548286271
564,262.629194021225,2.49338436126709,0.0009872899436373006
565,263.07591795921326,2.489990711212158,0.0009872203451248543
566,263.5229513645172,2.367161273956299,0.0009871505593211022
567,263.9699025154114,2.3408265113830566,0.0009870805862559379
568,264.4134101867676,2.3775312900543213,0.0009870104259593361
569,264.85911321640015,2.4171385765075684,0.000986940078461351
570,265.30670166015625,2.411892890930176,0.0009868695437921177
571,265.7524163722992,2.4013614654541016,0.00098679882198185
572,266.1987693309784,2.329237461090088,0.0009867279130608441
573,266.64765310287476,2.425461769104004,0.0009866568170594741
574,267.08997440338135,2.292649269104004,0.000986585534008196
575,267.53252935409546,2.4257192611694336,0.000986514063937545
576,267.984370470047,2.5135951042175293,0.0009864424068781361
577,268.42965936660767,2.33217716217041,0.0009863705628606653
578,268.87626671791077,2.3892269134521484,0.0009862985319159085
579,269.322069644928,2.3639674186706543,0.0009862263140747213
580,269.767657995224,2.323622703552246,0.0009861539093680395
581,270.2108955383301,2.4378418922424316,0.000986081317826879
582,270.65588545799255,2.4479446411132812,0.0009860085394823353
583,271.1006667613983,2.389291286468506,0.0009859355743655853
584,271.55257081985474,2.520190715789795,0.000985862422507884
585,271.99715971946716,2.3489696979522705,0.0009857890839405678
586,272.44718313217163,2.511925458908081,0.0009857155586950523
587,272.89184379577637,2.3815841674804688,0.0009856418468028338
588,273.33914947509766,2.3610477447509766,0.0009855679482954878
589,273.78398990631104,2.425689697265625,0.0009854938632046703
590,274.22967886924744,2.3839821815490723,0.000985419591562117
591,274.67356276512146,2.379794120788574,0.0009853451333996432
592,275.1156060695648,2.3533105850219727,0.0009852704887491446
593,275.5631582736969,2.4308505058288574,0.0009851956576425965
594,276.007009267807,2.234344005584717,0.0009851206401120544
595,276.45431685447693,2.3127055168151855,0.0009850454361896533
596,276.8982779979706,2.454611301422119,0.0009849700459076082
597,277.3419098854065,2.3084557056427,0.0009848944692982138
598,277.7845242023468,2.3160407543182373,0.000984818706393845
599,278.22820258140564,2.4453132152557373,0.0009847427572269559
600,278.6838366985321,2.4427428245544434,0.0009846666218300806
601,279.13137698173523,2.5124104022979736,0.0009845903002358336
602,279.5717306137085,2.393061399459839,0.0009845137924769083
603,280.0153350830078,2.3509411811828613,0.0009844370985860782
604,280.4596245288849,2.2986598014831543,0.0009843602185961966
605,280.90331959724426,2.487049102783203,0.0009842831525401963
606,281.35024905204773,2.417015314102173,0.0009842059004510901
607,281.7947270870209,2.3255317211151123,0.0009841284623619705
608,282.23790407180786,2.3515849113464355,0.000984050838306009
609,282.68632411956787,2.392932891845703,0.0009839730283164579
610,283.1322886943817,2.371328115463257,0.0009838950324266482
611,283.5769000053406,2.355421781539917,0.0009838168506699908
612,284.0260241031647,2.2886767387390137,0.0009837384830799765
613,284.47166872024536,2.094698429107666,0.0009836599296901751
614,284.91443252563477,2.2194104194641113,0.000983581190534237
615,285.36175060272217,2.34612774848938,0.000983502265645891
616,285.8071782588959,2.370554208755493,0.0009834231550589461
617,286.25073885917664,2.4189507961273193,0.0009833438588072911
618,286.6991572380066,2.3586478233337402,0.0009832643769248936
619,287.14851689338684,2.469730854034424,0.0009831847094458014
620,287.59811663627625,2.3191497325897217,0.0009831048564041412
621,288.04724502563477,2.287468433380127,0.00098302481783412
622,288.4981942176819,2.3122081756591797,0.000982944593770023
623,288.94126868247986,2.4382166862487793,0.0009828641842462168
624,289.3880362510681,2.2893412113189697,0.000982783589297145
625,289.8369617462158,2.2662649154663086,0.0009827028089573328
626,290.2920446395874,2.2326011657714844,0.0009826218432613838
627,290.7358283996582,2.4183425903320312,0.0009825406922439807
628,291.1813027858734,2.434568405151367,0.0009824593559398863
629,291.62872648239136,2.307225227355957,0.0009823778343839428
630,292.0739929676056,2.3546814918518066,0.0009822961276110707
631,292.5213882923126,2.3373823165893555,0.0009822142356562715
632,292.962144613266,2.2408223152160645,0.0009821321585546244
633,293.40298771858215,2.4449939727783203,0.0009820498963412888
634,293.84834265708923,2.333695650100708,0.0009819674490515033
635,294.290447473526,2.2937190532684326,0.0009818848167205858
636,294.7348656654358,2.3368873596191406,0.000981801999383933
637,295.17953395843506,2.341278553009033,0.0009817189970770218
638,295.6262710094452,2.4849674701690674,0.0009816358098354073
639,296.06979608535767,2.33780574798584,0.0009815524376947243
640,296.5138626098633,2.339784622192383,0.000981468880690687
641,296.9588837623596,2.2927463054656982,0.000981385138859088
642,297.4129729270935,2.2830915451049805,0.0009813012122358005
643,297.8605763912201,2.3805809020996094,0.0009812171008567753
644,298.31258749961853,2.319711208343506,0.0009811328047580436
645,298.76915884017944,2.228482961654663,0.0009810483239757147
646,299.21135687828064,2.3855679035186768,0.0009809636585459778
647,299.65943217277527,2.382462501525879,0.0009808788085051005
648,300.10775876045227,2.2371814250946045,0.0009807937738894302
649,300.55244040489197,2.240119457244873,0.000980708554735393
650,300.9951648712158,2.3806586265563965,0.0009806231510794939
651,301.4401545524597,2.350099563598633,0.0009805375629583174
652,301.8885889053345,2.323054552078247,0.0009804517904085264
653,302.33778715133667,2.3011515140533447,0.0009803658334668634
654,302.7832205295563,2.313934803009033,0.0009802796921701495
655,303.2249984741211,2.369626998901367,0.0009801933665552847
656,303.6697962284088,2.450465202331543,0.0009801068566592484
657,304.1114299297333,2.4091548919677734,0.000980020162519099
658,304.5573515892029,2.3343687057495117,0.0009799332841719727
659,305.00002789497375,2.2896265983581543,0.0009798462216550861
660,305.4438536167145,2.2799525260925293,0.000979758975005734
661,305.8934659957886,2.3412840366363525,0.0009796715442612898
662,306.3418891429901,2.3871142864227295,0.0009795839294592058
663,306.7898051738739,2.3655638694763184,0.000979496130637014
664,307.2353980541229,2.297985553741455,0.0009794081478323245
665,307.67993545532227,2.2189888954162598,0.000979319981082826
666,308.12882113456726,2.2707958221435547,0.0009792316304262868
667,308.5791828632355,2.2813782691955566,0.0009791430959005532
668,309.02174615859985,2.266407012939453,0.0009790543775435505
669,309.4666588306427,2.180891990661621,0.000978965475393283
670,309.9135367870331,2.2660083770751953,0.0009788763894878337
671,310.3579750061035,2.3555045127868652,0.0009787871198653638
672,310.80216002464294,2.210127830505371,0.0009786976665641137
673,311.2502796649933,2.317627191543579,0.0009786080296224026
674,311.7018373012543,2.314507484436035,0.000978518209078628
675,312.14724373817444,2.3267366886138916,0.0009784282049712658
676,312.60167121887207,2.242447853088379,0.0009783380173388715
677,313.0550193786621,2.2703185081481934,0.0009782476462200781
678,313.5107808113098,2.433135986328125,0.000978157091653598
679,313.9674406051636,2.222644329071045,0.000978066353678222
680,314.41497111320496,2.3016762733459473,0.0009779754323328191
681,314.8601703643799,2.365257740020752,0.0009778843276563372
682,315.30654764175415,2.4881398677825928,0.0009777930396878025
683,315.7570524215698,2.3666176795959473,0.0009777015684663203
684,316.21262216567993,2.2549610137939453,0.0009776099140310736
685,316.66270112991333,2.2865989208221436,0.0009775180764213245
686,317.1143741607666,2.3192601203918457,0.000977426055676413
687,317.5674202442169,2.2353169918060303,0.000977333851835758
688,318.01566100120544,2.3421995639801025,0.0009772414649388567
689,318.4698326587677,2.376418113708496,0.0009771488950252847
690,318.92258501052856,2.2104594707489014,0.0009770561421346962
691,319.36756467819214,2.364011287689209,0.0009769632063068234
692,319.8195035457611,2.2970447540283203,0.000976870087581477
693,320.2657837867737,2.233194589614868,0.0009767767859985464
694,320.7123098373413,2.4651260375976562,0.0009766833015979986
695,321.1570796966553,2.467165946960449,0.0009765896344198796
696,321.60429883003235,2.3363308906555176,0.0009764957845043136
697,322.0506160259247,2.4328343868255615,0.0009764017518915025
698,322.4956331253052,2.270763397216797,0.0009763075366217273
699,322.95019721984863,2.2897815704345703,0.0009762131387353466
700,323.40308570861816,2.413928985595703,0.0009761185582727977
701,323.8484613895416,2.270907163619995,0.0009760237952745954
702,324.2967731952667,2.333005428314209,0.0009759288497813334
703,324.74084520339966,2.2524988651275635,0.0009758337218336836
704,325.1895360946655,2.250978946685791,0.0009757384114723954
705,325.63325715065,2.4400765895843506,0.000975642918738297
706,326.07903957366943,2.370148181915283,0.0009755472436722943
707,326.5229558944702,2.3459763526916504,0.0009754513863153714
708,326.97394132614136,2.3133628368377686,0.0009753553467085907
709,327.4209625720978,2.353031635284424,0.0009752591248930925
710,327.87256932258606,2.2619175910949707,0.0009751627209100952
711,328.3186128139496,2.2532999515533447,0.000975066134800895
712,328.7704322338104,2.3523528575897217,0.0009749693666068665
713,329.2192437648773,2.3118057250976562,0.0009748724163694621
714,329.6685907840729,2.270744562149048,0.0009747752841302122
715,330.1226794719696,2.23893141746521,0.0009746779699307251
716,330.5724949836731,2.377058506011963,0.0009745804738126872
717,331.019731760025,2.300823211669922,0.0009744827958178626
718,331.47136402130127,2.3251872062683105,0.0009743849359880936
719,331.92208886146545,2.2584688663482666,0.0009742868943653002
720,332.37003445625305,2.3538012504577637,0.0009741886709914803
721,332.8162930011749,2.178450584411621,0.0009740902659087097
722,333.2629597187042,2.1738357543945312,0.0009739916791591419
723,333.70898270606995,2.3790454864501953,0.0009738929107850085
724,334.16079688072205,2.33537220954895,0.0009737939608286186
725,334.6233832836151,2.455028533935547,0.0009736948293323593
726,335.0703146457672,2.326474666595459,0.0009735955163386955
727,335.5171365737915,2.4070284366607666,0.0009734960218901693
728,335.9652998447418,2.2865829467773438,0.0009733963460294015
729,336.4121072292328,2.4394893646240234,0.0009732964887990898
730,336.8664491176605,2.2737467288970947,0.0009731964502420098
731,337.30851197242737,2.31486177444458,0.0009730962304010149
732,337.7492825984955,2.295426845550537,0.000972995829319036
733,338.1995105743408,2.3199093341827393,0.0009728952470390821
734,338.64229226112366,2.176438570022583,0.0009727944836042391
735,339.09009313583374,2.167247772216797,0.0009726935390576708
736,339.54062271118164,2.2065958976745605,0.0009725924134426191
737,339.99099922180176,2.1864676475524902,0.0009724911068024026
738,340.43101930618286,2.303166151046753,0.0009723896191804179
739,340.8735635280609,2.221416711807251,0.0009722879506201391
740,341.3298919200897,2.2251381874084473,0.0009721861011651179
741,341.77353048324585,2.214026927947998,0.0009720840708589832
742,342.2229256629944,2.3990657329559326,0.0009719818597454415
743,342.6671280860901,2.30844783782959,0.0009718794678682771
744,343.1192367076874,2.267620086669922,0.0009717768952713512
745,343.5622282028198,2.296996593475342,0.0009716741419986026
746,344.01548528671265,2.2303993701934814,0.0009715712080940476
747,344.45950174331665,2.3472588062286377,0.0009714680936017799
748,344.90292024612427,2.362210512161255,0.0009713647985659705
749,345.3473699092865,2.199838161468506,0.0009712613230308674
750,345.80189967155457,2.3141658306121826,0.0009711576670407966
751,346.2483637332916,2.2524514198303223,0.0009710538306401608
752,346.6996273994446,2.306065559387207,0.0009709498138734404
753,347.1624102592468,2.3142194747924805,0.0009708456167851926
754,347.61228919029236,2.3158817291259766,0.0009707412394200524
755,348.07041692733765,2.180208206176758,0.0009706366818227316
756,348.52986884117126,2.2985501289367676,0.0009705319440380194
757,348.9874017238617,2.3569023609161377,0.0009704270261107822
758,349.4340479373932,2.231675863265991,0.0009703219280859633
759,349.87702083587646,2.21835994720459,0.0009702166500085837
760,350.3275182247162,2.2279977798461914,0.0009701111919237407
761,350.78635025024414,2.3170166015625,0.0009700055538766097
762,351.2445819377899,2.351717948913574,0.0009698997359124424
763,351.7140574455261,2.3141493797302246,0.0009697937380765679
764,352.1772356033325,2.21337890625,0.0009696875604143924
765,352.6384708881378,2.259993076324463,0.0009695812029713989
766,353.0887258052826,2.145806312561035,0.0009694746657931475
767,353.5412857532501,2.1448121070861816,0.0009693679489252755
768,353.9929964542389,2.2226808071136475,0.0009692610524134971
769,354.4351394176483,2.3439674377441406,0.0009691539763036031
770,354.88432025909424,2.102064609527588,0.0009690467206414615
771,355.33167791366577,2.279420852661133,0.0009689392854730176
772,355.7794442176819,2.143432140350342,0.000968831670844293
773,356.2306215763092,2.30318546295166,0.0009687238768013862
774,356.6860349178314,2.170300006866455,0.0009686159033904729
775,357.1303012371063,2.3420329093933105,0.0009685077506578054
776,357.57587003707886,2.3407516479492188,0.0009683994186497131
777,358.02733182907104,2.348665952682495,0.0009682909074126019
778,358.47513818740845,2.2988054752349854,0.0009681822169929544
779,358.9333188533783,2.1642556190490723,0.0009680733474373304
780,359.37808656692505,2.181820869445801,0.0009679642987923659
781,359.8207137584686,2.26409912109375,0.0009678550711047741
782,360.27930879592896,2.3048362731933594,0.0009677456644213444
783,360.72977805137634,2.3504748344421387,0.0009676360787889434
784,361.1782717704773,2.315483808517456,0.000967526314254514
785,361.6227958202362,2.4560022354125977,0.0009674163708650759
786,362.0743794441223,2.2119014263153076,0.0009673062486677253
787,362.5219302177429,2.3954148292541504,0.000967195947709635
788,362.9655570983887,2.237239122390747,0.0009670854680380543
789,363.41591811180115,2.3391973972320557,0.0009669748097003097
790,363.860399723053,2.290112018585205,0.0009668639727438031
791,364.3046569824219,2.2842578887939453,0.000966752957216014
792,364.7545053958893,2.257014751434326,0.0009666417631644977
793,365.19943141937256,2.3153223991394043,0.0009665303906368862
794,365.6451897621155,2.1560301780700684,0.000966418839680888
795,366.0976951122284,2.182615280151367,0.0009663071103442879
796,366.546284198761,2.1867504119873047,0.0009661952026749475
797,366.99080061912537,2.2464756965637207,0.000966083116720804
798,367.4368362426758,2.3900153636932373,0.0009659708525298718
799,367.8827073574066,2.2895774841308594,0.0009658584101502412
800,368.3301913738251,2.3152036666870117,0.000965745789630079
801,368.7800908088684,2.195075035095215,0.0009656329910176283
802,369.2247648239136,2.2479400634765625,0.0009655200143612084
803,369.6717436313629,2.2308595180511475,0.0009654068597092149
804,370.1272449493408,2.212636947631836,0.0009652935271101194
805,370.5768361091614,2.140347480773926,0.0009651800166124706
806,371.0210268497467,2.1973540782928467,0.000965066328264892
807,371.46626710891724,2.2481303215026855,0.0009649524621160848
808,371.90972423553467,2.2335386276245117,0.0009648384182148253
809,372.3512451648712,2.2806026935577393,0.0009647241966099663
810,372.7945544719696,2.226630687713623,0.0009646097973504366
811,373.24269556999207,2.138188362121582,0.0009644952204852415
812,373.69580841064453,2.2645063400268555,0.0009643804660634619
813,374.1431965827942,2.257420301437378,0.0009642655341342549
814,374.59917545318604,2.3107857704162598,0.0009641504247468538
815,375.04977583885193,2.2243759632110596,0.0009640351379505678
816,375.49534583091736,2.1853713989257812,0.000963919673794782
817,375.94537329673767,2.232487201690674,0.0009638040323289576
818,376.3963522911072,2.1489171981811523,0.0009636882136026319
819,376.8415629863739,2.189460039138794,0.0009635722176654178
820,377.3006293773651,2.178351402282715,0.0009634560445670043
821,377.75311279296875,2.1359987258911133,0.0009633396943571562
822,378.205105304718,2.2696123123168945,0.0009632231670857143
823,378.6495144367218,2.214451789855957,0.0009631064628025953
824,379.105801820755,2.1531379222869873,0.0009629895815577914
825,379.5641551017761,2.1192469596862793,0.000962872523401371
826,380.0104088783264,2.188210964202881,0.0009627552883834782
827,380.4631838798523,2.178112030029297,0.0009626378765543322
828,380.91184878349304,2.1694607734680176,0.0009625202879642291
829,381.3577527999878,2.136874198913574,0.0009624025226635397
830,381.8042321205139,2.208005428314209,0.0009622845807027113
831,382.2510664463043,2.269501209259033,0.000962166462132266
832,382.7016942501068,2.2813756465911865,0.0009620481670028026
833,383.15517711639404,2.153165102005005,0.0009619296953649944
834,383.5969054698944,2.251290798187256,0.0009618110472695915
835,384.04353308677673,2.1986470222473145,0.0009616922227674183
836,384.49023962020874,2.1753106117248535,0.0009615732219093761
837,384.9380609989166,2.104675054550171,0.0009614540447464406
838,385.3812744617462,2.2114458084106445,0.000961334691329664
839,385.8299870491028,2.1894569396972656,0.000961215161710173
840,386.2775287628174,2.1853063106536865,0.0009610954559391703
841,386.7261264324188,2.2011265754699707,0.0009609755740679346
842,387.1718497276306,2.146052837371826,0.000960855516147819
843,387.6158540248871,2.2268691062927246,0.0009607352822302525
844,388.060240983963,2.202420711517334,0.0009606148723667399
845,388.51411509513855,2.179507255554199,0.0009604942866088604
846,388.95749282836914,2.232914924621582,0.0009603735250082696
847,389.40166664123535,2.127100706100464,0.0009602525876166977
848,389.847443819046,2.304046869277954,0.0009601314744859503
849,390.29630279541016,2.1932272911071777,0.0009600101856679087
850,390.742928981781,2.243682384490967,0.0009598887212145292
851,391.1863377094269,2.172567367553711,0.000959767081177843
852,391.6283829212189,2.165440797805786,0.0009596452656099571
853,392.07968068122864,2.274958610534668,0.0009595232745630532
854,392.53013372421265,2.1215901374816895,0.0009594011080893885
855,392.977059841156,2.204474449157715,0.0009592787662412953
856,393.42006731033325,2.156810998916626,0.000959156249071181
857,393.8734736442566,2.3191232681274414,0.0009590335566315277
858,394.31874918937683,2.147703170776367,0.0009589106889748934
859,394.76138639450073,2.3343346118927,0.0009587876461539104
860,395.20956110954285,2.230851173400879,0.0009586644282212867
861,395.65881085395813,2.169424057006836,0.0009585410352298045
862,396.1031982898712,2.096029043197632,0.0009584174672323217
863,396.54708671569824,2.0999863147735596,0.0009582937242817708
864,396.99127173423767,2.1214749813079834,0.0009581698064311592
865,397.4373767375946,2.1414902210235596,0.0009580457137335698
866,397.8853225708008,2.177578926086426,0.0009579214462421597
867,398.3323290348053,2.223221778869629,0.0009577970040101612
868,398.7796542644501,2.1409616470336914,0.0009576723870908812
869,399.227730512619,2.281906843185425,0.0009575475955377018
870,399.6731758117676,2.226166248321533,0.0009574226294040799
871,400.12255668640137,2.1107468605041504,0.0009572974887435468
872,400.5676085948944,2.195577621459961,0.0009571721736097088
873,401.0160713195801,2.2812294960021973,0.000957046684056247
874,401.4654333591461,2.109809398651123,0.0009569210201369171
875,401.91428208351135,2.3279876708984375,0.0009567951819055496
876,402.36170411109924,2.1569459438323975,0.0009566691694160493
877,402.8139524459839,2.150397777557373,0.0009565429827223963
878,403.2687644958496,2.217883586883545,0.000956416621878645
879,403.71663665771484,2.148435354232788,0.0009562900869389241
880,404.1587188243866,2.046565294265747,0.0009561633779574374
881,404.60287714004517,2.312117576599121,0.0009560364949884626
882,405.0457601547241,2.2844467163085938,0.0009559094380863527
883,405.5067632198334,2.1858954429626465,0.0009557822073055349
884,405.95320558547974,2.230470657348633,0.0009556548027005106
885,406.4019157886505,2.104775905609131,0.0009555272243258559
886,406.85726594924927,2.246305465698242,0.0009553994722362214
887,407.3039903640747,2.3002657890319824,0.000955271546486332
888,407.74976801872253,2.1173932552337646,0.0009551434471309872
889,408.1948866844177,2.170595407485962,0.0009550151742250603
890,408.6391522884369,2.1592397689819336,0.0009548867278234997
891,409.0879330635071,2.133458137512207,0.0009547581079813275
892,409.53552770614624,2.269268035888672,0.0009546293147536407
893,409.9864330291748,2.136328935623169,0.0009545003481956099
894,410.43235087394714,2.1925458908081055,0.0009543712083624803
895,410.87783193588257,2.2088162899017334,0.0009542418953095716
896,411.32251024246216,2.0592236518859863,0.000954112409092277
897,411.76756858825684,2.1435387134552,0.0009539827497660647
898,412.21365237236023,2.2884774208068848,0.0009538529173864763
899,412.66735434532166,2.1841068267822266,0.0009537229120091278
900,413.1095869541168,2.200547695159912,0.0009535927336897097
901,413.5606052875519,2.177781105041504,0.0009534623824839862
902,414.00592613220215,2.177741050720215,0.0009533318584477955
903,414.4471290111542,2.167581796646118,0.00095320116163705
904,414.895135641098,2.213128089904785,0.0009530702921077359
905,415.3409414291382,2.214073419570923,0.0009529392499159137
906,415.7875645160675,2.1584534645080566,0.0009528080351177177
907,416.2315149307251,2.159137010574341,0.0009526766477693562
908,416.67811489105225,2.2113802433013916,0.0009525450879271113
909,417.12358474731445,2.164356231689453,0.0009524133556473391
910,417.56971192359924,2.1763954162597656,0.0009522814509864695
911,418.01787209510803,2.156987190246582,0.0009521493740010063
912,418.46387791633606,2.116182327270508,0.000952017124747527
913,418.9076852798462,2.176847219467163,0.0009518847032826829
914,419.3528916835785,2.190537691116333,0.0009517521096631994
915,419.8014659881592,2.166844129562378,0.0009516193439458753
916,420.2472012042999,2.181723117828369,0.0009514864061875831
917,420.6944479942322,2.2553300857543945,0.0009513532964452693
918,421.14255261421204,2.1597585678100586,0.0009512200147759537
919,421.582710981369,2.228376865386963,0.00095108656123673
920,422.02615427970886,2.2078747749328613,0.0009509529358847655
921,422.46931076049805,2.2244577407836914,0.0009508191387773012
922,422.92484617233276,2.1474952697753906,0.0009506851699716511
923,423.38014674186707,2.146145820617676,0.0009505510295252035
924,423.8249354362488,2.1116836071014404,0.0009504167174954199
925,424.2713339328766,2.3069701194763184,0.0009502822339398353
926,424.7171747684479,2.0861406326293945,0.000950147578916058
927,425.1643137931824,2.2331526279449463,0.0009500127524817702
928,425.6097376346588,2.319958209991455,0.000949877754694727
929,426.0522575378418,2.130068302154541,0.0009497425856127573
930,426.5017149448395,2.1460464000701904,0.0009496072452937634
931,426.9448616504669,2.191901683807373,0.0009494717337957204
932,427.3876688480377,2.2528016567230225,0.0009493360511766775
933,427.83249711990356,2.1458826065063477,0.0009492001974947566
934,428.2768168449402,2.277221202850342,0.0009490641728081532
935,428.72161960601807,2.1954567432403564,0.000948927977175136
936,429.1676459312439,2.0354626178741455,0.0009487916106540466
937,429.6183099746704,2.096066474914551,0.0009486550733033005
938,430.06371808052063,2.173318386077881,0.0009485183651813856
939,430.51201248168945,2.192814350128174,0.0009483814863468636
940,430.95854449272156,2.2421445846557617,0.0009482444368583689
941,431.40911769866943,2.3576884269714355,0.000948107216774609
942,431.85575914382935,2.18925404548645,0.000947969826154365
943,432.2989926338196,2.1094155311584473,0.0009478322650564903
944,432.74561524391174,2.207494020462036,0.0009476945335399121
945,433.19116258621216,2.0355894565582275,0.0009475566316636298
946,433.6441459655762,2.2717039585113525,0.0009474185594867164
947,434.0901548862457,2.2468783855438232,0.0009472803170683176
948,434.53529953956604,2.310580253601074,0.000947141904467652
949,434.9775929450989,2.1055586338043213,0.0009470033217440113
950,435.4221878051758,2.1163830757141113,0.0009468645689567597
951,435.8658015727997,2.121342658996582,0.0009467256461653347
952,436.31716203689575,2.1432271003723145,0.0009465865534292465
953,436.7612352371216,2.2097277641296387,0.0009464472908080777
954,437.20755910873413,2.159541606903076,0.0009463078583614843
955,437.65297198295593,2.1357040405273438,0.0009461682561491945
956,438.098680973053,2.018057346343994,0.0009460284842310095
957,438.54877829551697,2.1390509605407715,0.0009458885426668031
958,438.9947338104248,2.160266637802124,0.0009457484315165218
959,439.44084095954895,2.1466922760009766,0.0009456081508401852
960,439.89327931404114,2.148249387741089,0.0009454677006978844
961,440.33599615097046,2.2122058868408203,0.0009453270811497843
962,440.7774660587311,2.2499403953552246,0.0009451862922561216
963,441.22734355926514,2.16082501411438,0.000945045334077206
964,441.67095828056335,2.056244373321533,0.0009449042066734191
965,442.11704421043396,2.211367130279541,0.0009447629101052159
966,442.5624330043793,2.207728862762451,0.000944621444433123
967,443.0063009262085,2.137866735458374,0.00094447980971774
968,443.45399928092957,2.1579172611236572,0.0009443380060197386
969,443.90012216567993,2.138291358947754,0.0009441960333998631
970,444.34799695014954,2.141356945037842,0.0009440538919189299
971,444.7938861846924,2.07875394821167,0.0009439115816378279
972,445.2402310371399,2.2033793926239014,0.0009437691026175187
973,445.6889908313751,2.379340648651123,0.0009436264549190352
974,446.13920640945435,2.146991729736328,0.0009434836386034835
975,446.58605575561523,2.0499699115753174,0.0009433406537320416
976,447.02845525741577,2.1118264198303223,0.0009431975003659595
977,447.46812772750854,2.105276346206665,0.0009430541785665594
978,447.9168789386749,2.0784006118774414,0.0009429106883952364
979,448.36160254478455,2.061295986175537,0.0009427670299134565
980,448.80729389190674,2.108592987060547,0.0009426232031827588
981,449.2546474933624,2.128934860229492,0.0009424792082647539
982,449.6969840526581,2.1726982593536377,0.0009423350452211248
983,450.14276099205017,2.1753151416778564,0.0009421907141136262
984,450.58394503593445,2.1162033081054688,0.0009420462150040853
985,451.03038358688354,2.0297889709472656,0.0009419015479544006
986,451.474383354187,2.1037275791168213,0.000941756713026543
987,451.9217607975006,2.129385471343994,0.000941611710282555
988,452.3662531375885,2.1624722480773926,0.0009414665397845513
989,452.8109622001648,2.15806245803833,0.0009413212015947185
990,453.2561755180359,2.028848648071289,0.0009411756957753147
991,453.7048485279083,2.112673044204712,0.00094103002238867
992,454.1501405239105,2.119150161743164,0.0009408841814971861
993,454.5978972911835,2.0634193420410156,0.0009407381731633367
994,455.0459840297699,2.155815601348877,0.0009405919974496674
995,455.48754692077637,2.189692974090576,0.0009404456544187949
996,455.94039392471313,2.1423354148864746,0.0009402991441334079
997,456.395822763443,2.1236472129821777,0.000940152466656267
998,456.8437011241913,2.129455089569092,0.0009400056220502038
999,457.2905855178833,2.130229949951172,0.0009398586103781223
1000,457.7363829612732,2.2302775382995605,0.0009397114317029975
1001,461.4505317211151,2.2109718322753906,0.0009395640860878758
1002,461.8965723514557,2.0529627799987793,0.0009394165735958757
1003,462.34300923347473,2.1087379455566406,0.0009392688942901865
1004,462.7954514026642,2.026970863342285,0.0009391210482340699
1005,463.2416162490845,2.257944107055664,0.0009389730354908578
1006,463.6898362636566,2.237351894378662,0.0009388248561239546
1007,464.1418011188507,2.1391186714172363,0.0009386765101968356
1008,464.58658266067505,2.0489468574523926,0.0009385279977730472
1009,465.0361998081207,2.2615063190460205,0.0009383793189162077
1010,465.4830253124237,2.1697263717651367,0.0009382304736900063
1011,465.92873454093933,2.0154929161071777,0.0009380814621582035
1012,466.37262892723083,2.139634132385254,0.0009379322843846313
1013,466.82350754737854,2.1072559356689453,0.0009377829404331924
1014,467.27707266807556,2.052961826324463,0.0009376334303678612
1015,467.7226302623749,2.029597043991089,0.0009374837542526832
1016,468.169180393219,2.1680312156677246,0.0009373339121517746
1017,468.61207461357117,2.0008411407470703,0.0009371839041293232
1018,469.0629503726959,2.13746976852417,0.0009370337302495876
1019,469.51028299331665,2.1687159538269043,0.0009368833905768977
1020,469.9580638408661,2.0817248821258545,0.0009367328851756538
1021,470.40380668640137,2.194088935852051,0.0009365822141103279
1022,470.84954833984375,2.1664998531341553,0.0009364313774454627
1023,471.29658818244934,2.0329957008361816,0.0009362803752456719
1024,471.7416422367096,2.200800895690918,0.0009361292075756401
1025,472.1850309371948,2.1245272159576416,0.0009359778745001224
1026,472.6326439380646,2.1146702766418457,0.0009358263760839454
1027,473.078106880188,2.1701695919036865,0.000935674712392006
1028,473.52759194374084,2.1909804344177246,0.0009355228834892725
1029,473.973623752594,2.163341999053955,0.0009353708894407829
1030,474.4208302497864,2.028140068054199,0.0009352187303116472
1031,474.8656873703003,2.0555577278137207,0.0009350664061670453
1032,475.3142714500427,2.0357847213745117,0.000934913917072228
1033,475.76600980758667,2.044760227203369,0.0009347612630925168
1034,476.2103838920593,2.2010743618011475,0.000934608444293304
1035,476.66002774238586,2.197598457336426,0.0009344554607400522
1036,477.10706615448,2.1090471744537354,0.0009343023124982947
1037,477.5560579299927,2.0656561851501465,0.0009341489996336352
1038,478.00521206855774,2.146740436553955,0.0009339955222117482
1039,478.4528498649597,2.1805129051208496,0.0009338418802983785
1040,478.89948654174805,2.1037213802337646,0.0009336880739593415
1041,479.34527564048767,2.14090633392334,0.0009335341032605229
1042,479.79243874549866,2.063962936401367,0.0009333799682678789
1043,480.2405059337616,2.128852367401123,0.0009332256690474358
1044,480.68438482284546,2.158745527267456,0.0009330712056652908
1045,481.12828516960144,2.080042600631714,0.000932916578187611
1046,481.57345390319824,2.1335020065307617,0.0009327617866806338
1047,482.01660561561584,2.083988666534424,0.000932606831210667
1048,482.4612259864807,2.1382570266723633,0.0009324517118440888
1049,482.91767930984497,2.0109641551971436,0.0009322964286473471
1050,483.36198353767395,2.0532689094543457,0.0009321409816869605
1051,483.8087213039398,2.012266159057617,0.0009319853710295175
1052,484.25508522987366,2.075277090072632,0.0009318295967416767
1053,484.70274019241333,2.104435920715332,0.0009316736588901669
1054,485.1455783843994,2.187180995941162,0.0009315175575417868
1055,485.5896234512329,2.1939568519592285,0.0009313612927634055
1056,486.0366518497467,2.086615800857544,0.0009312048646219617
1057,486.4811460971832,2.096802234649658,0.0009310482731844644
1058,486.92571353912354,2.0776214599609375,0.0009308915185179922
1059,487.37126445770264,2.1688222885131836,0.0009307346006896939
1060,487.8168957233429,2.143414258956909,0.000930577519766788
1061,488.26855063438416,2.0529839992523193,0.0009304202758165632
1062,488.71304082870483,2.169081926345825,0.0009302628689063777
1063,489.15713810920715,2.1126699447631836,0.0009301052991036596
1064,489.60386395454407,2.140371799468994,0.0009299475664759069
1065,490.04999351501465,2.1529555320739746,0.000929789671090687
1066,490.49744939804077,2.2205617427825928,0.0009296316130156375
1067,490.9475288391113,2.1040749549865723,0.0009294733923184656
1068,491.39472341537476,2.2049121856689453,0.0009293150090669476
1069,491.8439643383026,2.1836538314819336,0.00092915646332893
1070,492.2973725795746,2.1505110263824463,0.000928997755172329
1071,492.7455201148987,2.165623188018799,0.0009288388846651298
1072,493.1880247592926,2.062851905822754,0.0009286798518753878
1073,493.6368055343628,2.2497682571411133,0.0009285206568712274
1074,494.0858345031738,2.0848872661590576,0.0009283612997208427
1075,494.54429721832275,2.002925395965576,0.0009282017804924972
1076,495.0098593235016,2.185349225997925,0.0009280420992545239
1077,495.46268033981323,2.0805041790008545,0.0009278822560753251
1078,495.90888381004333,2.176645278930664,0.0009277222510233728
1079,496.3716633319855,2.2233688831329346,0.0009275620841672079
1080,496.8243713378906,2.1803674697875977,0.0009274017555754409
1081,497.27381443977356,2.0737428665161133,0.0009272412653167512
1082,497.72192883491516,2.141860008239746,0.000927080613459888
1083,498.1695990562439,2.0438990592956543,0.0009269198000736693
1084,498.6164891719818,2.0313475131988525,0.0009267588252269825
1085,499.0637483596802,2.1426730155944824,0.0009265976889887841
1086,499.5057830810547,2.0131750106811523,0.0009264363914280999
1087,499.9513530731201,2.208599090576172,0.0009262749326140245
1088,500.4047451019287,2.2437102794647217,0.0009261133126157217
1089,500.85379099845886,2.268526554107666,0.0009259515315024244
1090,501.30087184906006,2.1128103733062744,0.0009257895893434344
1091,501.7457375526428,2.213132381439209,0.0009256274862081227
1092,502.1928584575653,1.9834465980529785,0.0009254652221659293
1093,502.6389343738556,2.1636056900024414,0.0009253027972863626
1094,503.0865762233734,2.0345048904418945,0.0009251402116390006
1095,503.52938175201416,2.0969488620758057,0.0009249774652934895
1096,503.98117446899414,2.039114475250244,0.0009248145583195447
1097,504.42534017562866,2.1204867362976074,0.0009246514907869507
1098,504.8696856498718,2.1968767642974854,0.0009244882627655603
1099,505.31458806991577,2.141751766204834,0.000924324874325295
1100,505.7634835243225,2.1155261993408203,0.0009241613255361454
1101,506.20752215385437,2.174844741821289,0.0009239976164681705
1102,506.65333676338196,2.0640788078308105,0.0009238337471914982
1103,507.10663056373596,2.1592772006988525,0.0009236697177763248
1104,507.54940271377563,2.045442581176758,0.0009235055282929154
1105,507.99593472480774,2.1445701122283936,0.0009233411788116034
1106,508.44047355651855,2.162119150161743,0.000923176669402791
1107,508.88525342941284,2.096737861633301,0.0009230120001369487
1108,509.32819747924805,2.141392707824707,0.0009228471710846156
1109,509.77862000465393,2.141174793243408,0.0009226821823163995
1110,510.2227599620819,2.2128772735595703,0.000922517033902976
1111,510.66768622398376,1.9930334091186523,0.0009223517259150896
1112,511.11328530311584,2.1413373947143555,0.0009221862584235528
1113,511.5586075782776,2.0400309562683105,0.000922020631499247
1114,512.007402420044,2.103936195373535,0.0009218548452131211
1115,512.4545164108276,2.0261149406433105,0.000921688899636193
1116,512.8987491130829,2.0244150161743164,0.0009215227948395483
1117,513.3413145542145,2.0755615234375,0.0009213565308943411
1118,513.7857594490051,2.1978068351745605,0.0009211901078717936
1119,514.2342853546143,2.2272539138793945,0.0009210235258431961
1120,514.6779737472534,2.187028408050537,0.000920856784879907
1121,515.1239943504333,2.144883155822754,0.000920689885053353
1122,515.5710906982422,2.147639274597168,0.0009205228264350286
1123,516.0135736465454,2.0003437995910645,0.0009203556090964965
1124,516.4603168964386,2.0832815170288086,0.0009201882331093869
1125,516.9093334674835,2.107785940170288,0.0009200206985453987
1126,517.3601891994476,2.146644353866577,0.0009198530054762985
1127,517.8060026168823,2.179933547973633,0.0009196851539739205
1128,518.253308057785,2.1680960655212402,0.0009195171441101668
1129,518.700567483902,2.013641834259033,0.0009193489759570078
1130,519.1457643508911,2.1175127029418945,0.0009191806495864811
1131,519.5897223949432,2.080742120742798,0.0009190121650706927
1132,520.0341911315918,2.1938767433166504,0.0009188435224818158
1133,520.4837384223938,2.125201940536499,0.0009186747218920913
1134,520.9285700321198,2.110659599304199,0.0009185057633738285
1135,521.374146938324,2.1203527450561523,0.0009183366469994034
1136,521.8160192966461,2.0033090114593506,0.0009181673728412606
1137,522.2682673931122,2.137460708618164,0.0009179979409719113
1138,522.7179090976715,1.9871926307678223,0.000917828351463935
1139,523.1593716144562,1.9643449783325195,0.0009176586043899783
1140,523.606146812439,2.037078380584717,0.0009174886998227556
1141,524.0508511066437,2.1789350509643555,0.0009173186378350484
1142,524.4942345619202,2.0350377559661865,0.0009171484184997061
1143,524.9410207271576,2.0391178131103516,0.000916978041889645
1144,525.3902447223663,2.166757345199585,0.0009168075080778494
1145,525.8438277244568,2.233344793319702,0.0009166368171373702
1146,526.3059163093567,2.1295642852783203,0.0009164659691413262
1147,526.7687273025513,2.1483707427978516,0.0009162949641629032
1148,527.2139930725098,2.04140043258667,0.0009161238022753542
1149,527.6737830638885,1.9802186489105225,0.0009159524835519996
1150,528.1282474994659,2.0697460174560547,0.0009157810080662269
1151,528.5787980556488,2.117753505706787,0.0009156093758914906
1152,529.0223853588104,2.063159704208374,0.0009154375871013128
1153,529.4676723480225,2.090869665145874,0.0009152656417692822
1154,529.9119880199432,2.0683255195617676,0.0009150935399690545
1155,530.356766462326,2.174830436706543,0.0009149212817743529
1156,530.799825668335,2.1873860359191895,0.0009147488672589673
1157,531.2487428188324,2.145817756652832,0.0009145762964967546
1158,531.6932287216187,2.1506965160369873,0.0009144035695616386
1159,532.1340625286102,2.078655958175659,0.00091423068652761
1160,532.5829265117645,2.062112331390381,0.0009140576474687263
1161,533.0269412994385,2.0552825927734375,0.0009138844524591123
1162,533.4695692062378,2.115316390991211,0.0009137111015729589
1163,533.9141631126404,2.1580348014831543,0.0009135375948845242
1164,534.360912322998,2.0466129779815674,0.0009133639324681329
1165,534.8081486225128,2.1731855869293213,0.0009131901143981768
1166,535.2544386386871,2.124866008758545,0.0009130161407491134
1167,535.7052509784698,2.023686408996582,0.0009128420115954682
1168,536.151522397995,1.9561622142791748,0.0009126677270118322
1169,536.5984034538269,2.180084705352783,0.0009124932870728633
1170,537.0479876995087,2.1557440757751465,0.0009123186918532862
1171,537.4936954975128,2.127769947052002,0.000912143941427892
1172,537.9425055980682,2.0284924507141113,0.0009119690358715379
1173,538.4016511440277,2.1740427017211914,0.0009117939752591485
1174,538.8480908870697,1.9519472122192383,0.0009116187596657136
1175,539.2950451374054,1.9644110202789307,0.0009114433891662902
1176,539.7421290874481,2.1675939559936523,0.0009112678638360015
1177,540.1904509067535,2.196390390396118,0.0009110921837500371
1178,540.6348826885223,2.0421457290649414,0.0009109163489836525
1179,541.0847613811493,2.062445640563965,0.0009107403596121698
1180,541.5438532829285,1.9436529874801636,0.0009105642157109773
1181,541.9878861904144,2.0540595054626465,0.0009103879173555296
1182,542.4337739944458,2.161701202392578,0.0009102114646213469
1183,542.8770408630371,2.037517547607422,0.0009100348575840164
1184,543.325843334198,2.0394093990325928,0.0009098580963191908
1185,543.772834777832,2.110696792602539,0.0009096811809025889
1186,544.2212820053101,2.0701584815979004,0.0009095041114099957
1187,544.6706125736237,2.122971773147583,0.0009093268879172622
1188,545.1153707504272,1.9815677404403687,0.0009091495105003052
1189,545.5610983371735,2.1258130073547363,0.0009089719792351076
1190,546.0092346668243,2.0719640254974365,0.0009087942941977183
1191,546.4527401924133,1.910557746887207,0.0009086164554642517
1192,546.9004118442535,2.0485334396362305,0.0009084384631108883
1193,547.3472630977631,2.015101194381714,0.0009082603172138746
1194,547.7978849411011,2.0230276584625244,0.0009080820178495225
1195,548.2442035675049,2.107912540435791,0.0009079035650942095
1196,548.6880447864532,2.0473034381866455,0.0009077249590243795
1197,549.1342062950134,1.9789754152297974,0.0009075461997165416
1198,549.5878324508667,1.9556128978729248,0.0009073672872472704
1199,550.0349233150482,2.106105327606201,0.0009071882216932065
1200,550.4793379306793,2.0987675189971924,0.0009070090031310558
1201,550.9243879318237,1.9945958852767944,0.0009068296316375899
1202,551.3697850704193,1.9322214126586914,0.000906650107289646
1203,551.819659948349,1.919321060180664,0.0009064704301641261
1204,552.2651700973511,2.0679049491882324,0.0009062906003379987
1205,552.7118268013,2.1194698810577393,0.0009061106178882972
1206,553.159740447998,2.0044174194335938,0.00090593048289212
1207,553.6077401638031,2.1042098999023438,0.0009057501954266313
1208,554.0527081489563,2.0527901649475098,0.0009055697555690607
1209,554.5023674964905,2.1088461875915527,0.0009053891633967028
1210,554.9458034038544,2.1214380264282227,0.0009052084189869174
1211,555.3915910720825,2.0204596519470215,0.00090502752241713
1212,555.8389835357666,2.1553544998168945,0.0009048464737648309
1213,556.2913088798523,2.0362496376037598,0.0009046652731075753
1214,556.7332992553711,2.046780586242676,0.0009044839205229839
1215,557.1805913448334,2.0879201889038086,0.0009043024160887425
1216,557.6332063674927,2.110323667526245,0.0009041207598826018
1217,558.0857787132263,2.2033421993255615,0.0009039389519823775
1218,558.5343136787415,2.0730948448181152,0.0009037569924659504
1219,558.976530790329,2.118785858154297,0.0009035748814112662
1220,559.4219024181366,2.195013999938965,0.0009033926188963352
1221,559.8661165237427,2.153980016708374,0.0009032102049992332
1222,560.3230955600739,2.1007113456726074,0.0009030276397981005
1223,560.7686970233917,2.0384960174560547,0.0009028449233711421
1224,561.2155909538269,2.121494770050049,0.000902662055796628
1225,561.68093085289,2.0758752822875977,0.0009024790371528927
1226,562.1262993812561,2.0943198204040527,0.0009022958675183358
1227,562.5797288417816,2.078345537185669,0.0009021125469714212
1228,563.0263230800629,2.161346197128296,0.0009019290755906776
1229,563.4686315059662,2.0667266845703125,0.0009017454534546983
1230,563.9146721363068,2.0922226905822754,0.0009015616806421414
1231,564.3566353321075,2.2277908325195312,0.0009013777572317291
1232,564.799103975296,2.0155625343322754,0.0009011936833022483
1233,565.2509291172028,2.0350663661956787,0.0009010094589325507
1234,565.6957175731659,2.0302863121032715,0.0009008250842015522
1235,566.1409642696381,2.131927490234375,0.0009006405591882325
1236,566.5851588249207,2.0412116050720215,0.0009004558839716369
1237,567.0314559936523,2.0142722129821777,0.000900271058630874
1238,567.476893901825,2.116018295288086,0.0009000860832451173
1239,567.9232699871063,2.1243276596069336,0.0008999009578936043
1240,568.3671009540558,1.936793327331543,0.0008997156826556369
1241,568.8202602863312,2.0449392795562744,0.000899530257610581
1242,569.2636501789093,2.0107269287109375,0.0008993446828378669
1243,569.7097325325012,2.2849056720733643,0.0008991589584169891
1244,570.1557722091675,2.053009033203125,0.0008989730844275055
1245,570.6030964851379,1.9714295864105225,0.0008987870609490392
1246,571.0505242347717,2.1776957511901855,0.0008986008880612764
1247,571.4946818351746,2.0629689693450928,0.0008984145658439678
1248,571.9405789375305,2.004991054534912,0.0008982280943769279
1249,572.3876965045929,2.1522059440612793,0.0008980414737400351
1250,572.8387262821198,2.0790648460388184,0.0008978547040132316
1251,573.2894923686981,2.097839117050171,0.000897667785276524
1252,573.7358748912811,1.9619231224060059,0.000897480717609982
1253,574.1834497451782,2.0920677185058594,0.0008972935010937398
1254,574.6329839229584,1.9520070552825928,0.0008971061358079948
1255,575.0747129917145,2.0327775478363037,0.0008969186218330082
1256,575.5160279273987,1.9354448318481445,0.0008967309592491052
1257,575.9606375694275,2.1195685863494873,0.0008965431481366744
1258,576.408355474472,2.164456844329834,0.0008963551885761683
1259,576.8506109714508,2.067047119140625,0.0008961670806481027
1260,577.2982022762299,2.102673053741455,0.0008959788244330568
1261,577.7435660362244,2.1100387573242188,0.000895790420011674
1262,578.1867752075195,2.1014773845672607,0.0008956018674646605
1263,578.6319468021393,2.0340490341186523,0.0008954131668727863
1264,579.0769760608673,2.1150832176208496,0.0008952243183168849
1265,579.5215458869934,2.1925506591796875,0.0008950353218778527
1266,579.9663360118866,2.264486312866211,0.00089484617763665
1267,580.4170682430267,2.0467960834503174,0.0008946568856743
1268,580.8618168830872,2.044609546661377,0.0008944674460718897
1269,581.3088548183441,2.01772403717041,0.0008942778589105687
1270,581.761871099472,2.0075199604034424,0.0008940881242715502
1271,582.2102956771851,2.0262022018432617,0.0008938982422361106
1272,582.6542670726776,1.9723052978515625,0.000893708212885589
1273,583.0962104797363,2.090362310409546,0.0008935180363013884
1274,583.5451798439026,2.0622611045837402,0.000893327712564974
1275,583.9966447353363,2.1278045177459717,0.0008931372417578747
1276,584.440899848938,2.0505306720733643,0.0008929466239616821
1277,584.8854293823242,2.0815892219543457,0.0008927558592580506
1278,585.3340790271759,2.0706024169921875,0.0008925649477286981
1279,585.7782475948334,2.1077117919921875,0.0008923738894554047
1280,586.2226049900055,2.0733957290649414,0.000892182684520014
1281,586.6627895832062,2.1211118698120117,0.0008919913330044318
1282,587.1103656291962,2.0722389221191406,0.0008917998349906273
1283,587.5568528175354,1.9776285886764526,0.000891608190560632
1284,588.0012965202332,2.0091633796691895,0.0008914163997965402
1285,588.4472205638885,1.924290657043457,0.0008912244627805091
1286,588.8911473751068,2.081881046295166,0.0008910323795947586
1287,589.338992357254,2.037684917449951,0.0008908401503215706
1288,589.7848889827728,2.0979537963867188,0.0008906477750432905
1289,590.233225107193,2.110952138900757,0.0008904552538423254
1290,590.6784572601318,2.06099796295166,0.0008902625868011452
1291,591.1241030693054,2.042388916015625,0.0008900697740022827
1292,591.5663697719574,2.0410516262054443,0.0008898768155283326
1293,592.0098609924316,2.0423574447631836,0.0008896837114619522
1294,592.4553878307343,2.028451919555664,0.0008894904618858611
1295,592.8965647220612,2.021501302719116,0.0008892970668828412
1296,593.3505313396454,2.206606388092041,0.0008891035265357371
1297,593.7925300598145,2.064939022064209,0.000888909840927455
1298,594.2357630729675,2.0756900310516357,0.0008887160101409637
1299,594.682496547699,2.0333800315856934,0.0008885220342592943
1300,595.1299555301666,2.04919171333313,0.0008883279133655398
1301,595.5804753303528,2.013885498046875,0.0008881336475428555
1302,596.0259590148926,2.078578233718872,0.0008879392368744588
1303,596.4725415706635,2.0804505348205566,0.0008877446814436286
1304,596.9153575897217,2.030021905899048,0.0008875499813337069
1305,597.3630783557892,1.9951632022857666,0.0008873551366280965
1306,597.8044731616974,2.121659278869629,0.000887160147410263
1307,598.2495896816254,2.099059581756592,0.0008869650137637335
1308,598.7062504291534,2.0902926921844482,0.000886769735772097
1309,599.1548955440521,1.8851455450057983,0.0008865743135190045
1310,599.6035823822021,1.9170101881027222,0.0008863787470881686
1311,600.0488576889038,1.965741515159607,0.0008861830365633637
1312,600.4918007850647,2.0704894065856934,0.0008859871820284262
1313,600.9357206821442,2.0139403343200684,0.0008857911835672537
1314,601.3784472942352,2.0196733474731445,0.0008855950412638057
1315,601.8239376544952,2.1061644554138184,0.0008853987552021037
1316,602.2680330276489,2.0237998962402344,0.0008852023254662299
1317,602.7174036502838,1.981742024421692,0.0008850057521403291
1318,603.1613876819611,1.9646785259246826,0.0008848090353086065
1319,603.6049222946167,2.069645643234253,0.0008846121750553297
1320,604.0532138347626,2.1885595321655273,0.0008844151714648274
1321,604.5058307647705,1.9787490367889404,0.0008842180246214895
1322,604.9533858299255,2.0185108184814453,0.0008840207346097677
1323,605.3965125083923,1.9778621196746826,0.0008838233015141745
1324,605.8457753658295,2.2340939044952393,0.0008836257254192841
1325,606.289577960968,1.9109337329864502,0.0008834280064097317
1326,606.7328867912292,1.9467971324920654,0.0008832301445702138
1327,607.178897857666,1.9890862703323364,0.0008830321399854885
1328,607.6292819976807,2.1192095279693604,0.0008828339927403745
1329,608.0858783721924,2.0091047286987305,0.0008826357029197515
1330,608.5294408798218,2.0803909301757812,0.0008824372706085608
1331,608.9780263900757,2.0497517585754395,0.0008822386958918045
1332,609.424569606781,2.072648525238037,0.0008820399788545459
1333,609.8690736293793,2.0880074501037598,0.0008818411195819085
1334,610.3196988105774,2.033047676086426,0.000881642118159078
1335,610.7632131576538,2.0727672576904297,0.0008814429746712996
1336,611.2123115062714,2.048447608947754,0.0008812436892038806
1337,611.6554772853851,2.061155080795288,0.000881044261842188
1338,612.100358247757,1.9849858283996582,0.0008808446926716508
1339,612.5462825298309,1.9615955352783203,0.0008806449817777577
1340,612.9882397651672,1.9730150699615479,0.0008804451292460585
1341,613.4333598613739,1.8061288595199585,0.0008802451351621638
1342,613.8771452903748,1.9901020526885986,0.0008800449996117447
1343,614.3244433403015,2.1244382858276367,0.0008798447226805329
1344,614.7695972919464,2.1708264350891113,0.0008796443044543204
1345,615.2143135070801,2.054643392562866,0.0008794437450189605
1346,615.6589915752411,2.0826010704040527,0.0008792430444603662
1347,616.103752374649,1.9173197746276855,0.0008790422028645111
1348,616.5449168682098,2.1702237129211426,0.0008788412203174298
1349,616.9899518489838,2.197014808654785,0.0008786400969052165
1350,617.4329266548157,2.0777807235717773,0.000878438832714026
1351,617.8823308944702,1.9860490560531616,0.0008782374278300739
1352,618.3285546302795,2.042705774307251,0.0008780358823396353
1353,618.774961233139,2.105031728744507,0.0008778341963290459
1354,619.216094493866,2.0833983421325684,0.0008776323698847017
1355,619.6580452919006,2.112579822540283,0.0008774304030930587
1356,620.1030855178833,2.0338804721832275,0.0008772282960406331
1357,620.5461959838867,2.0738143920898438,0.0008770260488140011
1358,620.9907622337341,2.0401501655578613,0.0008768236614997989
1359,621.4445176124573,1.9988046884536743,0.0008766211341847231
1360,621.8891575336456,1.9232470989227295,0.0008764184669555294
1361,622.3342616558075,2.102966785430908,0.0008762156598990347
1362,622.7880101203918,2.0590896606445312,0.0008760127131021145
1363,623.2318048477173,1.9682978391647339,0.0008758096266517051
1364,623.678364276886,1.911726951599121,0.0008756064006348022
1365,624.1246449947357,2.1021716594696045,0.0008754030351384614
1366,624.5701365470886,2.140737771987915,0.000875199530249798
1367,625.0130710601807,1.9777389764785767,0.0008749958860559869
1368,625.459566116333,1.9487388134002686,0.000874792102644263
1369,625.9042134284973,2.1349689960479736,0.0008745881801019205
1370,626.3458709716797,2.006603717803955,0.0008743841185163135
1371,626.7900042533875,2.1334595680236816,0.0008741799179748553
1372,627.2336723804474,2.1034889221191406,0.0008739755785650191
1373,627.6838142871857,2.0138089656829834,0.0008737711003743373
1374,628.1312117576599,2.034576416015625,0.0008735664834904018
1375,628.5899837017059,2.0329954624176025,0.0008733617280008641
1376,629.0323097705841,2.137286424636841,0.000873156833993435
1377,629.4969244003296,2.0361509323120117,0.0008729518015558844
1378,629.9502401351929,2.045140266418457,0.0008727466307760418
1379,630.3958313465118,1.906768560409546,0.000872541321741796
1380,630.8422417640686,2.005638360977173,0.0008723358745410945
1381,631.2916946411133,1.9780662059783936,0.0008721302892619444
1382,631.7342844009399,2.009657859802246,0.0008719245659924124
1383,632.1787405014038,2.0777511596679688,0.0008717187048206233
1384,632.6246340274811,2.021716594696045,0.0008715127058347616
1385,633.072423696518,1.9579216241836548,0.0008713065691230707
1386,633.5151689052582,2.0886335372924805,0.0008711002947738532
1387,633.9592070579529,2.082731246948242,0.0008708938828754704
1388,634.4040672779083,1.9915403127670288,0.0008706873335163425
1389,634.8463671207428,1.9373888969421387,0.0008704806467849487
1390,635.2925133705139,1.967146635055542,0.0008702738227698272
1391,635.7362458705902,2.082603693008423,0.0008700668615595746
1392,636.1850459575653,2.079911708831787,0.0008698597632428467
1393,636.6283538341522,2.054417848587036,0.0008696525279083576
1394,637.0760593414307,2.0970001220703125,0.0008694451556448806
1395,637.526246547699,2.0221128463745117,0.0008692376465412474
1396,637.9708979129791,2.071124315261841,0.0008690300006863481
1397,638.4159302711487,2.130807399749756,0.0008688222181691316
1398,638.864091873169,2.0916712284088135,0.0008686142990786055
1399,639.3126039505005,2.0608088970184326,0.0008684062435038358
1400,639.7610025405884,2.084846258163452,0.0008681980515339464
1401,640.2092604637146,2.0002851486206055,0.0008679897232581207
1402,640.65256524086,2.0394608974456787,0.0008677812587655995
1403,641.0983154773712,1.9594411849975586,0.0008675726581456827
1404,641.5494699478149,2.004631519317627,0.0008673639214877279
1405,641.9977345466614,2.058444023132324,0.0008671550488811516
1406,642.4458603858948,1.9059038162231445,0.0008669460404154279
1407,642.8912065029144,2.043072462081909,0.0008667368961800892
1408,643.3409688472748,2.002155303955078,0.0008665276162647267
1409,643.7855818271637,1.96451735496521,0.0008663182007589892
1410,644.2289729118347,2.1955745220184326,0.0008661086497525833
1411,644.6767706871033,2.008504629135132,0.0008658989633352743
1412,645.126855134964,1.987440824508667,0.0008656891415968851
1413,645.5711426734924,2.036689281463623,0.0008654791846272967
1414,646.0173270702362,1.9872572422027588,0.000865269092516448
1415,646.4642362594604,2.0072829723358154,0.0008650588653543356
1416,646.9061944484711,2.1139097213745117,0.0008648485032310145
1417,647.3484377861023,1.9893956184387207,0.0008646380062365968
1418,647.7982239723206,2.0335030555725098,0.000864427374461253
1419,648.2504093647003,2.019441604614258,0.0008642166079952108
1420,648.6943593025208,2.054482936859131,0.0008640057069287561
1421,649.1419014930725,2.0048165321350098,0.000863794671352232
1422,649.5897254943848,1.9568150043487549,0.0008635835013560397
1423,650.0359470844269,2.0637121200561523,0.0008633721970306374
1424,650.4856195449829,1.9957135915756226,0.0008631607584665414
1425,650.9306526184082,1.939561367034912,0.0008629491857543252
1426,651.375063419342,2.146845579147339,0.0008627374789846198
1427,651.8278460502625,2.186525344848633,0.0008625256382481138
1428,652.2690200805664,1.9821102619171143,0.0008623136636355528
1429,652.7175829410553,1.853497862815857,0.0008621015552377401
1430,653.1620645523071,2.017472505569458,0.0008618893131455362
1431,653.6122641563416,2.0082781314849854,0.0008616769374498589
1432,654.0574140548706,1.9823131561279297,0.0008614644282416832
1433,654.505943775177,2.031200408935547,0.0008612517856120412
1434,654.9541988372803,2.0972471237182617,0.0008610390096520223
1435,655.4007823467255,1.8816423416137695,0.000860826100452773
1436,655.8434064388275,2.1197173595428467,0.0008606130581054967
1437,656.2935860157013,2.045285701751709,0.0008603998827014542
1438,656.7359261512756,1.950467824935913,0.000860186574331963
1439,657.1881449222565,2.103687047958374,0.0008599731330883975
1440,657.6358063220978,1.952911615371704,0.0008597595590621893
1441,658.084698677063,2.0500049591064453,0.0008595458523448266
1442,658.5301854610443,2.0961015224456787,0.0008593320130278547
1443,658.9794013500214,1.9650224447250366,0.0008591180412028755
1444,659.4245727062225,1.9738941192626953,0.0008589039369615477
1445,659.8695435523987,1.9494636058807373,0.0008586897003955867
1446,660.3142611980438,2.0916895866394043,0.0008584753315967648
1447,660.7604231834412,1.955640435218811,0.0008582608306569108
1448,661.2054023742676,2.0749402046203613,0.0008580461976679099
1449,661.647759437561,2.003767967224121,0.0008578314327217042
1450,662.0896375179291,1.8844701051712036,0.000857616535910292
1451,662.5353126525879,2.047372817993164,0.0008574015073257286
1452,662.9827494621277,1.9955284595489502,0.0008571863470601251
1453,663.4321687221527,1.9666141271591187,0.0008569710552056495
1454,663.8806843757629,2.0074620246887207,0.0008567556318545259
1455,664.3224294185638,2.1697168350219727,0.0008565400770990348
1456,664.7678883075714,2.0017635822296143,0.000856324391031513
1457,665.2109954357147,2.1141085624694824,0.0008561085737443536
1458,665.6620507240295,2.0316076278686523,0.0008558926253300061
1459,666.1143157482147,1.9531867504119873,0.0008556765458809756
1460,666.5567517280579,1.983564853668213,0.0008554603354898239
1461,667.0041358470917,1.8588457107543945,0.0008552439942491683
1462,667.455883026123,2.0743370056152344,0.000855027522251683
1463,667.9019536972046,1.9338163137435913,0.0008548109195900974
1464,668.3464279174805,2.061358690261841,0.0008545941863571973
1465,668.7962927818298,2.048856735229492,0.0008543773226458244
1466,669.2402741909027,2.0754921436309814,0.0008541603285488761
1467,669.6874446868896,1.907052993774414,0.0008539432041593059
1468,670.1294872760773,1.9692951440811157,0.0008537259495701229
1469,670.5783634185791,2.051900625228882,0.0008535085648743921
1470,671.0251276493073,2.095928430557251,0.0008532910501652341
1471,671.4711039066315,1.9961100816726685,0.0008530734055358254
1472,671.9232695102692,2.053133964538574,0.0008528556310793981
1473,672.3690056800842,2.029634952545166,0.0008526377268892396
1474,672.8176357746124,1.967186689376831,0.0008524196930586934
1475,673.2662069797516,2.1004931926727295,0.0008522015296811583
1476,673.7127320766449,2.001675605773926,0.0008519832368500884
1477,674.1618099212646,2.0229239463806152,0.0008517648146589933
1478,674.6107997894287,1.9762094020843506,0.0008515462632014385
1479,675.0579791069031,2.0055179595947266,0.0008513275825710441
1480,675.5056445598602,1.9437706470489502,0.0008511087728614862
1481,675.9509913921356,2.08616042137146,0.0008508898341664958
1482,676.4008703231812,2.1069908142089844,0.0008506707665798595
1483,676.8608882427216,1.9416420459747314,0.0008504515701954186
1484,677.3099381923676,2.0328927040100098,0.0008502322451070699
1485,677.7555191516876,2.0589709281921387,0.0008500127914087655
1486,678.1977200508118,1.860031247138977,0.0008497932091945121
1487,678.6466979980469,2.135385036468506,0.0008495734985583722
1488,679.090238571167,2.0027318000793457,0.0008493536595944623
1489,679.5364012718201,1.9493478536605835,0.000849133692396955
1490,679.9780533313751,1.9099839925765991,0.0008489135970600768
1491,680.4237329959869,2.0808091163635254,0.0008486933736781097
1492,680.8654210567474,1.9621961116790771,0.0008484730223453905
1493,681.3070344924927,2.0291860103607178,0.0008482525431563106
1494,681.7475595474243,1.9657776355743408,0.0008480319362053164
1495,682.194840669632,1.9525446891784668,0.0008478112015869088
1496,682.6391642093658,1.9733827114105225,0.0008475903393956434
1497,683.0799431800842,1.9285333156585693,0.0008473693497261308
1498,683.5328414440155,2.010162353515625,0.0008471482326730356
1499,683.9798808097839,1.9115240573883057,0.0008469269883310778
1500,684.4300422668457,2.033177137374878,0.000846705616795031
1501,688.1104357242584,1.9825448989868164,0.000846484118159724
1502,688.5589556694031,1.9601805210113525,0.0008462624925200398
1503,689.0059790611267,2.0386881828308105,0.0008460407399709155
1504,689.452728509903,1.952479362487793,0.0008458188606073431
1505,689.9081242084503,1.9721840620040894,0.0008455968545243687
1506,690.3534035682678,1.9631390571594238,0.0008453747218170924
1507,690.7991881370544,1.977944016456604,0.000845152462580669
1508,691.2461140155792,1.9264910221099854,0.0008449300769103073
1509,691.6915392875671,2.0545976161956787,0.0008447075649012702
1510,692.136650800705,1.9299553632736206,0.0008444849266488748
1511,692.5816967487335,1.992310643196106,0.0008442621622484921
1512,693.0314843654633,1.9462989568710327,0.0008440392717955475
1513,693.4767439365387,2.1252965927124023,0.0008438162553855202
1514,693.9237871170044,1.9614981412887573,0.000843593113113943
1515,694.3682727813721,2.0846071243286133,0.0008433698450764034
1516,694.8174350261688,1.9929454326629639,0.0008431464513685422
1517,695.2641761302948,1.9535441398620605,0.0008429229320860541
1518,695.7078614234924,1.9865902662277222,0.0008426992873246875
1519,696.1557011604309,1.9347597360610962,0.0008424755171802451
1520,696.6001799106598,1.9344873428344727,0.0008422516217485825
1521,697.048751115799,2.1629478931427,0.00084202760112561
1522,697.5029714107513,2.037421226501465,0.0008418034554072903
1523,697.951085805893,2.0350704193115234,0.0008415791846896403
1524,698.4004907608032,2.0585777759552,0.000841354789068731
1525,698.8439314365387,2.0579018592834473,0.0008411302686406859
1526,699.293463230133,1.9596028327941895,0.0008409056235016825
1527,699.7404766082764,2.0510663986206055,0.0008406808537479518
1528,700.1859171390533,2.0019025802612305,0.0008404559594757778
1529,700.6378870010376,2.0243453979492188,0.0008402309407814982
1530,701.0823037624359,1.9791631698608398,0.0008400057977615039
1531,701.5331563949585,1.9375030994415283,0.0008397805305122389
1532,701.9813072681427,2.015528678894043,0.0008395551391302005
1533,702.4283463954926,1.9556721448898315,0.0008393296237119395
1534,702.8825404644012,1.948517918586731,0.0008391039843540592
1535,703.3290235996246,1.8918042182922363,0.0008388782211532163
1536,703.7792892456055,2.0201520919799805,0.0008386523342061212
1537,704.227605342865,1.8119091987609863,0.0008384263236095358
1538,704.6779677867889,1.9586546421051025,0.0008382001894602765
1539,705.127897977829,2.0376718044281006,0.0008379739318552118
1540,705.5785372257233,1.9194669723510742,0.0008377475508912632
1541,706.0258445739746,1.9351388216018677,0.0008375210466654052
1542,706.4729120731354,2.036592960357666,0.0008372944192746648
1543,706.9161114692688,1.9597389698028564,0.0008370676688161224
1544,707.3582625389099,2.07547664642334,0.0008368407953869105
1545,707.8050515651703,2.170015335083008,0.0008366137990842142
1546,708.2499289512634,2.033691644668579,0.0008363866800052718
1547,708.7005033493042,1.9701621532440186,0.0008361594382473738
1548,709.1570241451263,1.9059700965881348,0.0008359320739078635
1549,709.6021211147308,2.1094260215759277,0.0008357045870841363
1550,710.0472476482391,1.9677351713180542,0.0008354769778736405
1551,710.4981319904327,1.9757535457611084,0.0008352492463738766
1552,710.9430568218231,1.9998760223388672,0.0008350213926823976
1553,711.3868737220764,1.9368211030960083,0.0008347934168968088
1554,711.8344151973724,1.9863213300704956,0.0008345653191147676
1555,712.2842705249786,1.9761090278625488,0.0008343370994339839
1556,712.7349989414215,2.0084521770477295,0.00083410875795222
1557,713.1805398464203,1.9551007747650146,0.0008338802947672898
1558,713.6270189285278,1.9386341571807861,0.0008336517099770601
1559,714.0733759403229,2.0257978439331055,0.0008334230036794488
1560,714.516051530838,1.9636139869689941,0.0008331941759724269
1561,714.9691445827484,1.933654546737671,0.0008329652269540166
1562,715.4125514030457,2.0233888626098633,0.0008327361567222927
1563,715.8527247905731,1.927614450454712,0.0008325069653753813
1564,716.2999315261841,1.9560164213180542,0.0008322776530114607
1565,716.7550535202026,2.024589776992798,0.0008320482197287614
1566,717.1985721588135,1.9573493003845215,0.0008318186656255648
1567,717.644490480423,1.949204921722412,0.0008315889908002051
1568,718.0936224460602,1.9562492370605469,0.0008313591953510675
1569,718.5429039001465,1.9242016077041626,0.0008311292793765887
1570,718.9878475666046,2.0271167755126953,0.000830899242975258
1571,719.4349377155304,2.0594472885131836,0.0008306690862456154
1572,719.8913497924805,2.072700023651123,0.0008304388092862527
1573,720.3385207653046,2.0005602836608887,0.0008302084121958133
1574,720.7806785106659,2.0648250579833984,0.0008299778950729919
1575,721.2257928848267,1.8542985916137695,0.0008297472580165349
1576,721.6729457378387,2.059230327606201,0.0008295165011252397
1577,722.1181445121765,1.921761393547058,0.0008292856244979553
1578,722.5638902187347,1.8557040691375732,0.000829054628233582
1579,723.0102272033691,2.0925745964050293,0.0008288235124310711
1580,723.4610247612,1.9786852598190308,0.0008285922771894254
1581,723.9102892875671,1.8639836311340332,0.0008283609226076986
1582,724.3636751174927,2.065366744995117,0.0008281294487849958
1583,724.8100206851959,1.9792948961257935,0.0008278978558204727
1584,725.2538921833038,1.8741445541381836,0.000827666143813337
1585,725.6999933719635,1.928443193435669,0.0008274343128628462
1586,726.1533806324005,1.956549048423767,0.0008272023630683095
1587,726.5966119766235,1.9306076765060425,0.0008269702945290869
1588,727.0462033748627,1.9772014617919922,0.000826738107344589
1589,727.4953625202179,2.0424139499664307,0.0008265058016142776
1590,727.942421913147,1.8963810205459595,0.0008262733774376649
1591,728.3981955051422,1.9310357570648193,0.0008260408349143143
1592,728.8452951908112,1.9818174839019775,0.0008258081741438395
1593,729.2911994457245,1.9975725412368774,0.0008255753952259048
1594,729.7429432868958,1.974535584449768,0.0008253424982602257
1595,730.1886377334595,1.7952728271484375,0.0008251094833465674
1596,730.6320536136627,2.0784811973571777,0.0008248763505847464
1597,731.0790076255798,1.9985301494598389,0.0008246431000746294
1598,731.5235950946808,1.9445374011993408,0.0008244097319161333
1599,731.9684247970581,1.9830334186553955,0.0008241762462092257
1600,732.4105167388916,2.074880599975586,0.0008239426430539243
1601,732.8551113605499,2.0922770500183105,0.0008237089225502976
1602,733.3000719547272,1.9823217391967773,0.0008234750847984638
1603,733.7459316253662,1.9651436805725098,0.0008232411298985916
1604,734.2015762329102,1.8269948959350586,0.0008230070579508999
1605,734.6526067256927,1.9632482528686523,0.0008227728690556577
1606,735.0982892513275,1.8896628618240356,0.000822538563313184
1607,735.5465743541718,1.921189308166504,0.000822304140823848
1608,735.9997479915619,2.016326427459717,0.0008220696016880688
1609,736.445853471756,2.0441298484802246,0.0008218349460063155
1610,736.8931930065155,1.9636845588684082,0.0008216001738791072
1611,737.3436105251312,1.9325624704360962,0.0008213652854070128
1612,737.793436050415,2.0281519889831543,0.000821130280690651
1613,738.2381236553192,1.9787580966949463,0.0008208951598306907
1614,738.6794488430023,1.78950834274292,0.0008206599229278495
1615,739.1200933456421,2.005004405975342,0.0008204245700828961
1616,739.5649566650391,1.9102100133895874,0.0008201891013966478
1617,740.0156400203705,1.8725218772888184,0.0008199535169699721
1618,740.4640448093414,1.9257125854492188,0.0008197178169037858
1619,740.9148919582367,2.071805000305176,0.0008194820012990553
1620,741.3571701049805,2.019406795501709,0.0008192460702567966
1621,741.8078646659851,1.979927659034729,0.000819010023878075
1622,742.2560341358185,2.0632381439208984,0.0008187738622640052
1623,742.7051842212677,1.8286099433898926,0.0008185375855157515
1624,743.1510264873505,1.9612643718719482,0.0008183011937345271
1625,743.5953683853149,2.024890422821045,0.0008180646870215951
1626,744.0516068935394,1.9644941091537476,0.0008178280654782672
1627,744.4973282814026,1.9657258987426758,0.0008175913292059044
1628,744.9412896633148,2.005614757537842,0.0008173544783059174
1629,745.3891315460205,1.9468053579330444,0.0008171175128797653
1630,745.8325817584991,1.8715753555297852,0.0008168804330289567
1631,746.2864830493927,2.0240559577941895,0.0008166432388550491
1632,746.7318878173828,2.110894203186035,0.0008164059304596489
1633,747.1845979690552,1.9454667568206787,0.0008161685079444113
1634,747.6285462379456,1.9324699640274048,0.0008159309714110408
1635,748.0733141899109,2.0210537910461426,0.0008156933209612906
1636,748.5206925868988,1.971898078918457,0.0008154555566969622
1637,748.9613792896271,2.064879894256592,0.0008152176787199066
1638,749.4089980125427,1.97560453414917,0.000814979687132023
1639,749.8569819927216,2.0202271938323975,0.0008147415820352596
1640,750.3017563819885,1.8700374364852905,0.000814503363531613
1641,750.7490282058716,1.9353916645050049,0.0008142650317231281
1642,751.1918189525604,1.8370275497436523,0.0008140265867118994
1643,751.6373543739319,1.9551408290863037,0.0008137880286000685
1644,752.0906212329865,1.9915050268173218,0.0008135493574898263
1645,752.5419368743896,1.926551103591919,0.0008133105734834122
1646,752.9946730136871,1.9753074645996094,0.0008130716766831131
1647,753.4377019405365,1.9638304710388184,0.0008128326671912655
1648,753.8843200206757,2.0196423530578613,0.0008125935451102529
1649,754.3351256847382,1.9353649616241455,0.000812354310542508
1650,754.7832360267639,1.9510351419448853,0.000812114963590511
1651,755.2246310710907,2.026045560836792,0.0008118755043567907
1652,755.6714761257172,1.9261674880981445,0.0008116359329439238
1653,756.1201457977295,2.0096192359924316,0.0008113962494545351
1654,756.5649333000183,1.9403425455093384,0.0008111564539912972
1655,757.0083067417145,1.8978149890899658,0.0008109165466569313
1656,757.4585070610046,2.0084447860717773,0.0008106765275542055
1657,757.903213262558,1.9444500207901,0.0008104363967859369
1658,758.3523662090302,1.9186429977416992,0.0008101961544549894
1659,758.7988374233246,1.9953062534332275,0.0008099558006642756
1660,759.2469396591187,2.0064594745635986,0.0008097153355167552
1661,759.6898803710938,1.9298903942108154,0.0008094747591154359
1662,760.1334903240204,2.00774884223938,0.0008092340715633729
1663,760.5775864124298,1.8569345474243164,0.0008089932729636693
1664,761.0185439586639,1.9139093160629272,0.0008087523634194754
1665,761.4614667892456,1.9045953750610352,0.0008085113430339892
1666,761.9040398597717,1.9496257305145264,0.0008082702119104563
1667,762.349282503128,1.965987205505371,0.0008080289701521696
1668,762.7964010238647,2.0105719566345215,0.0008077876178624691
1669,763.24440574646,1.9238536357879639,0.0008075461551447429
1670,763.691323518753,1.967511773109436,0.0008073045821024255
1671,764.1399502754211,1.8765507936477661,0.0008070628988389996
1672,764.583966255188,1.966572642326355,0.0008068211054579944
1673,765.0322961807251,1.9940564632415771,0.0008065792020629863
1674,765.473904132843,2.0946483612060547,0.0008063371887575995
1675,765.9184730052948,1.9342482089996338,0.0008060950656455043
1676,766.3605983257294,1.962616205215454,0.0008058528328304188
1677,766.8085188865662,1.909367322921753,0.0008056104904161079
1678,767.2565629482269,2.0272774696350098,0.0008053680385063834
1679,767.7072877883911,1.9571255445480347,0.0008051254772051037
1680,768.1535878181458,2.0765979290008545,0.0008048828066161748
1681,768.6048398017883,1.9648398160934448,0.0008046400268435488
1682,769.0501089096069,1.925610065460205,0.0008043971379912248
1683,769.4946863651276,2.0299525260925293,0.0008041541401632488
1684,769.9453618526459,1.8488566875457764,0.0008039110334637134
1685,770.3916430473328,1.8837909698486328,0.0008036678179967576
1686,770.8494527339935,1.9786567687988281,0.0008034244938665673
1687,771.301584482193,1.9475674629211426,0.0008031810611773746
1688,771.7446517944336,1.9567651748657227,0.0008029375200334588
1689,772.1870241165161,2.0567386150360107,0.0008026938705391448
1690,772.6320683956146,1.9846850633621216,0.0008024501127988045
1691,773.0812704563141,2.0247154235839844,0.0008022062469168559
1692,773.5272467136383,1.940852165222168,0.0008019622729977632
1693,773.9742312431335,1.8963390588760376,0.0008017181911460373
1694,774.4166550636292,2.012643814086914,0.0008014740014662353
1695,774.8613221645355,1.8774025440216064,0.0008012297040629599
1696,775.3093826770782,1.8948191404342651,0.0008009852990408607
1697,775.7533240318298,1.8626219034194946,0.0008007407865046326
1698,776.2039849758148,2.036498546600342,0.0008004961665590175
1699,776.6529433727264,1.9088644981384277,0.0008002514393088025
1700,777.0998873710632,1.880994439125061,0.000800006604858821
1701,777.5487825870514,1.85968017578125,0.0007997616633139526
1702,778.0005574226379,2.0788192749023438,0.0007995166147791219
1703,778.442967414856,1.9775913953781128,0.0007992714593593005
1704,778.8911600112915,1.942122459411621,0.0007990261971595049
1705,779.340873003006,1.9064812660217285,0.0007987808282847976
1706,779.7921071052551,2.001640796661377,0.0007985353528402871
1707,780.2383947372437,2.031761646270752,0.0007982897709311269
1708,780.6877629756927,1.974358081817627,0.0007980440826625167
1709,781.1359102725983,2.0277912616729736,0.0007977982881397016
1710,781.5847637653351,1.9036732912063599,0.0007975523874679721
1711,782.0285873413086,1.9901690483093262,0.0007973063807526641
1712,782.4723701477051,1.9603006839752197,0.0007970602680991593
1713,782.917430639267,1.9610326290130615,0.0007968140496128844
1714,783.3633706569672,1.9436336755752563,0.0007965677253993117
1715,783.807062625885,1.9180893898010254,0.0007963212955639585
1716,784.2495076656342,1.9052890539169312,0.0007960747602123876
1717,784.6984255313873,1.9783751964569092,0.0007958281194502069
1718,785.1439726352692,2.033950090408325,0.0007955813733830695
1719,785.5914266109467,1.8132686614990234,0.0007953345221166734
1720,786.0359494686127,1.9255961179733276,0.0007950875657567623
1721,786.4796159267426,1.9768260717391968,0.0007948405044091238
1722,786.9255702495575,1.7707375288009644,0.0007945933381795918
1723,787.3717992305756,1.9646409749984741,0.0007943460671740439
1724,787.8237156867981,1.9590381383895874,0.0007940986914984035
1725,788.2739291191101,1.889407992362976,0.0007938512112586383
1726,788.7176036834717,1.862003207206726,0.0007936036265607611
1727,789.1612114906311,1.8090758323669434,0.0007933559375108291
1728,789.6064417362213,1.7886892557144165,0.0007931081442149448
1729,790.0485055446625,1.9225893020629883,0.0007928602467792547
1730,790.4950749874115,1.9184030294418335,0.0007926122453099502
1731,790.9397168159485,1.9963772296905518,0.0007923641399132672
1732,791.3875770568848,1.8815836906433105,0.0007921159306954863
1733,791.8419909477234,2.0011916160583496,0.0007918676177629325
1734,792.2895348072052,1.9979197978973389,0.0007916192012219751
1735,792.7400043010712,2.0830788612365723,0.0007913706811790277
1736,793.1844050884247,1.8861174583435059,0.0007911220577405485
1737,793.6310951709747,2.0976197719573975,0.00079087333101304
1738,794.076055765152,2.017305612564087,0.0007906245011030487
1739,794.5226047039032,1.9300944805145264,0.0007903755681171655
1740,794.9741473197937,1.8257412910461426,0.0007901265321620252
1741,795.4189608097076,1.9447309970855713,0.0007898773933443071
1742,795.8632941246033,1.8512561321258545,0.0007896281517707344
1743,796.3067350387573,1.9775879383087158,0.0007893788075480741
1744,796.7510459423065,1.9177802801132202,0.0007891293607831374
1745,797.1977334022522,1.9631181955337524,0.0007888798115827792
1746,797.6407306194305,1.8412469625473022,0.000788630160053899
1747,798.0827095508575,1.8746459484100342,0.0007883804063034388
1748,798.5266587734222,2.0012612342834473,0.0007881305504383858
1749,798.9691865444183,2.0272216796875,0.0007878805925657701
1750,799.4160919189453,1.9381568431854248,0.0007876305327926657
1751,799.8652577400208,2.0246334075927734,0.0007873803712261902
1752,800.3139383792877,1.9034204483032227,0.000787130107973505
1753,800.7633771896362,1.9557099342346191,0.0007868797431418148
1754,801.2124872207642,1.9621930122375488,0.000786629276838368
1755,801.6581172943115,1.945772647857666,0.0007863787091704565
1756,802.1063184738159,2.0753164291381836,0.0007861280402454154
1757,802.551885843277,1.921618938446045,0.0007858772701706232
1758,803.0000064373016,1.9327678680419922,0.0007856263990535021
1759,803.4457740783691,1.9562673568725586,0.0007853754270015172
1760,803.8901579380035,1.945507526397705,0.000785124354122177
1761,804.3406910896301,1.9384586811065674,0.0007848731805230331
1762,804.7877037525177,1.8867199420928955,0.0007846219063116802
1763,805.2330043315887,1.8949058055877686,0.0007843705315957563
1764,805.6772036552429,1.9220545291900635,0.0007841190564829424
1765,806.1227924823761,1.9015676975250244,0.0007838674810809622
1766,806.5728192329407,2.001085042953491,0.0007836158054975829
1767,807.0259499549866,1.862500786781311,0.0007833640298406141
1768,807.4693112373352,1.9512619972229004,0.0007831121542179086
1769,807.9126982688904,2.008175849914551,0.000782860178737362
1770,808.356951713562,1.9494788646697998,0.0007826081035069123
1771,808.8044641017914,2.104832649230957,0.000782355928634541
1772,809.2598605155945,1.9466536045074463,0.0007821036542282713
1773,809.7066035270691,1.9146407842636108,0.00078185128039617
1774,810.1533794403076,1.8875453472137451,0.0007815988072463456
1775,810.5965664386749,1.90047287940979,0.0007813462348869498
1776,811.0415005683899,1.9039759635925293,0.0007810935634261765
1777,811.4944775104523,1.8860161304473877,0.0007808407929722624
1778,811.9420955181122,1.8797924518585205,0.000780587923633486
1779,812.3854911327362,1.87838876247406,0.0007803349555181684
1780,812.8287198543549,1.9727154970169067,0.0007800818887346734
1781,813.2754285335541,1.8198615312576294,0.0007798287233914069
1782,813.7206416130066,1.9502710103988647,0.0007795754595968165
1783,814.1720793247223,1.8738558292388916,0.0007793220974593924
1784,814.616836309433,1.923006296157837,0.0007790686370876671
1785,815.0634970664978,1.9593133926391602,0.0007788150785902149
1786,815.5110275745392,2.037665367126465,0.0007785614220756522
1787,815.9585881233215,1.998224139213562,0.0007783076676526375
1788,816.4029250144958,1.9458087682724,0.0007780538154298709
1789,816.8420317173004,1.9040520191192627,0.0007777998655160948
1790,817.2907321453094,1.9532842636108398,0.0007775458180200932
1791,817.7413883209229,2.014026641845703,0.0007772916730506918
1792,818.1864655017853,1.9949712753295898,0.0007770374307167587
1793,818.6338920593262,1.7996587753295898,0.0007767830911272029
1794,819.0759470462799,1.9544289112091064,0.0007765286543909755
1795,819.5221979618073,1.8452839851379395,0.000776274120617069
1796,819.9704790115356,1.91023588180542,0.0007760194899145177
1797,820.4169509410858,1.9163590669631958,0.0007757647623923972
1798,820.8695485591888,1.8773093223571777,0.0007755099381598247
1799,821.3134832382202,1.8913185596466064,0.0007752550173259592
1800,821.7594645023346,1.8820555210113525,0.0007750000000000001
1801,822.2012319564819,2.0342845916748047,0.0007747448862911889
1802,822.6522314548492,1.9872684478759766,0.0007744896763088084
1803,823.0989744663239,1.8635029792785645,0.0007742343701621822
1804,823.5476250648499,2.0481088161468506,0.0007739789679606755
1805,823.9954764842987,1.9019765853881836,0.0007737234698136945
1806,824.4398529529572,2.0038974285125732,0.0007734678758306863
1807,824.8864893913269,1.965287208557129,0.0007732121861211396
1808,825.3316276073456,1.9485677480697632,0.0007729564007945835
1809,825.7800977230072,2.0880343914031982,0.0007727005199605881
1810,826.2253470420837,1.8940532207489014,0.0007724445437287651
1811,826.6744060516357,1.9612185955047607,0.0007721884722087663
1812,827.1249940395355,1.9188835620880127,0.0007719323055102846
1813,827.5728805065155,1.8001800775527954,0.0007716760437430537
1814,828.0256786346436,1.9678267240524292,0.0007714196870168481
1815,828.4735376834869,1.8322147130966187,0.0007711632354414828
1816,828.9200732707977,1.9462995529174805,0.0007709066891268134
1817,829.3735084533691,1.9430053234100342,0.0007706500481827364
1818,829.8252475261688,1.8897944688796997,0.0007703933127191885
1819,830.2840938568115,1.8828644752502441,0.000770136482846147
1820,830.732941865921,1.974860668182373,0.0007698795586736298
1821,831.1819534301758,1.9001344442367554,0.0007696225403116949
1822,831.6263012886047,1.9124492406845093,0.0007693654278704408
1823,832.0714843273163,1.9217274188995361,0.0007691082214600064
1824,832.5199291706085,1.8374214172363281,0.0007688509211905707
1825,832.9660460948944,1.85044264793396,0.0007685935271723531
1826,833.4152109622955,1.9540247917175293,0.0007683360395156127
1827,833.8597853183746,1.9621025323867798,0.0007680784583306495
1828,834.3039917945862,1.919022798538208,0.0007678207837278025
1829,834.7519681453705,1.8905997276306152,0.0007675630158174519
1830,835.2017822265625,1.8392995595932007,0.0007673051547100167
1831,835.6498446464539,1.9552099704742432,0.0007670472005159571
1832,836.0943913459778,1.9046380519866943,0.0007667891533457719
1833,836.5379600524902,1.8054970502853394,0.0007665310133100007
1834,836.9829633235931,1.9425716400146484,0.0007662727805192221
1835,837.4331939220428,2.0118868350982666,0.000766014455084055
1836,837.8833253383636,1.9939699172973633,0.000765756037115158
1837,838.3331050872803,1.9375582933425903,0.0007654975267232289
1838,838.7765064239502,1.8440872430801392,0.0007652389240190055
1839,839.2212731838226,1.8470001220703125,0.000764980229113265
1840,839.6824913024902,1.8499033451080322,0.0007647214421168238
1841,840.1285066604614,1.9695342779159546,0.0007644625631405384
1842,840.5758261680603,1.89815092086792,0.000764203592295304
1843,841.0300545692444,1.918514370918274,0.0007639445296920558
1844,841.4782943725586,1.9298298358917236,0.0007636853754417675
1845,841.9267554283142,1.9178907871246338,0.0007634261296554531
1846,842.3701360225677,1.9038679599761963,0.0007631667924441651
1847,842.814177274704,1.9897106885910034,0.0007629073639189952
1848,843.2656881809235,1.9027514457702637,0.0007626478441910743
1849,843.7094762325287,2.0720810890197754,0.0007623882333715726
1850,844.1512503623962,2.011697769165039,0.0007621285315716991
1851,844.59974360466,1.8416104316711426,0.0007618687389027016
1852,845.0457618236542,1.8955483436584473,0.0007616088554758671
1853,845.4895915985107,1.990914225578308,0.0007613488814025215
1854,845.9364140033722,1.8616570234298706,0.0007610888167940294
1855,846.3845105171204,1.9870558977127075,0.0007608286617617943
1856,846.8292737007141,2.060126304626465,0.0007605684164172581
1857,847.2808711528778,1.9567447900772095,0.0007603080808719017
1858,847.7248313426971,1.8855481147766113,0.0007600476552372449
1859,848.1670010089874,2.0085721015930176,0.0007597871396248456
1860,848.6205811500549,2.001929759979248,0.0007595265341463002
1861,849.0617008209229,1.926433801651001,0.000759265838913244
1862,849.5071728229523,1.840210199356079,0.0007590050540373504
1863,849.9567015171051,1.9521251916885376,0.0007587441796303317
1864,850.3986990451813,1.8916215896606445,0.0007584832158039379
1865,850.8462057113647,1.7345962524414062,0.0007582221626699576
1866,851.2894988059998,2.0015244483947754,0.0007579610203402177
1867,851.7349789142609,1.9480088949203491,0.0007576997889265836
1868,852.1803653240204,2.04360294342041,0.0007574384685409581
1869,852.6256349086761,1.8409452438354492,0.0007571770592952827
1870,853.06582903862,1.9110419750213623,0.000756915561301537
1871,853.5125703811646,2.0210814476013184,0.0007566539746717381
1872,853.9569058418274,1.9516791105270386,0.0007563922995179419
1873,854.3977944850922,1.9328405857086182,0.000756130535952241
1874,854.8426384925842,1.9306025505065918,0.0007558686840867672
1875,855.289708852768,1.9453697204589844,0.0007556067440336893
1876,855.7358467578888,1.8324886560440063,0.0007553447159052141
1877,856.1796429157257,1.836441993713379,0.0007550825998135862
1878,856.6272509098053,1.8631696701049805,0.0007548203958710878
1879,857.0787355899811,1.9595344066619873,0.0007545581041900385
1880,857.5228471755981,2.077218532562256,0.000754295724882796
1881,857.9690065383911,1.9683566093444824,0.0007540332580617553
1882,858.4206554889679,1.9843780994415283,0.0007537707038393486
1883,858.8669948577881,1.9165663719177246,0.0007535080623280459
1884,859.3126709461212,1.8847033977508545,0.0007532453336403545
1885,859.7624199390411,1.8381836414337158,0.0007529825178888191
1886,860.2095329761505,1.9099137783050537,0.0007527196151860215
1887,860.655891418457,1.9659441709518433,0.0007524566256445808
1888,861.0981631278992,1.8638722896575928,0.0007521935493771534
1889,861.5405020713806,1.8684303760528564,0.000751930386496433
1890,861.9815397262573,1.8622876405715942,0.0007516671371151502
1891,862.4245476722717,1.9106249809265137,0.0007514038013460724
1892,862.8747479915619,1.8557461500167847,0.0007511403793020046
1893,863.3198132514954,1.9190915822982788,0.0007508768710957881
1894,863.7706534862518,1.9300302267074585,0.0007506132768403018
1895,864.2212183475494,1.9006311893463135,0.0007503495966484608
1896,864.6668813228607,2.0226762294769287,0.0007500858306332174
1897,865.1095542907715,2.0504062175750732,0.0007498219789075607
1898,865.5582854747772,1.8195371627807617,0.0007495580415845163
1899,866.0004603862762,1.9364646673202515,0.0007492940187771467
1900,866.4498836994171,2.003084421157837,0.0007490299105985506
1901,866.8911650180817,1.9606585502624512,0.0007487657171618638
1902,867.3343930244446,1.9001598358154297,0.0007485014385802583
1903,867.778627872467,1.8403193950653076,0.0007482370749669427
1904,868.2220795154572,1.8781988620758057,0.0007479726264351618
1905,868.6704561710358,1.7571240663528442,0.0007477080930981972
1906,869.1162610054016,1.897902488708496,0.0007474434750693664
1907,869.5634398460388,1.826697826385498,0.0007471787724620233
1908,870.0072820186615,1.9646131992340088,0.0007469139853895585
1909,870.4552466869354,1.9742990732192993,0.0007466491139653977
1910,870.9047658443451,1.832423448562622,0.000746384158303004
1911,871.351414680481,1.916795253753662,0.0007461191185158756
1912,871.7949359416962,1.9986746311187744,0.0007458539947175475
1913,872.2415254116058,2.0399789810180664,0.0007455887870215899
1914,872.6843779087067,1.8442487716674805,0.0007453234955416096
1915,873.1264064311981,1.9833531379699707,0.0007450581203912489
1916,873.5731444358826,1.8350523710250854,0.0007447926616841864
1917,874.0185282230377,1.8719868659973145,0.0007445271195341358
1918,874.4671449661255,1.88541841506958,0.000744261494054847
1919,874.9165954589844,1.8318339586257935,0.0007439957853601056
1920,875.366171836853,1.8425484895706177,0.0007437299935637329
1921,875.8076136112213,1.8676356077194214,0.0007434641187795854
1922,876.252827167511,1.8855059146881104,0.0007431981611215555
1923,876.7077820301056,1.9299981594085693,0.0007429321207035711
1924,877.1570341587067,1.8270320892333984,0.0007426659976395954
1925,877.606282711029,2.0394115447998047,0.000742399792043627
1926,878.050185918808,1.834188461303711,0.0007421335040297
1927,878.4959933757782,1.885136604309082,0.0007418671337118837
1928,878.9386434555054,1.9226385354995728,0.0007416006812042827
1929,879.3916156291962,1.901776671409607,0.0007413341466210368
1930,879.8372850418091,2.045119524002075,0.000741067530076321
1931,880.2830069065094,1.8969171047210693,0.0007408008316843452
1932,880.728392124176,1.8713455200195312,0.0007405340515593545
1933,881.1700692176819,1.8115721940994263,0.0007402671898156293
1934,881.6127297878265,1.9382438659667969,0.0007400002465674845
1935,882.0555481910706,1.857762336730957,0.0007397332219292701
1936,882.5044260025024,1.9065897464752197,0.000739466116015371
1937,882.9528102874756,1.9624110460281372,0.0007391989289402069
1938,883.3974380493164,1.8421375751495361,0.0007389316608182322
1939,883.8427622318268,1.9161696434020996,0.0007386643117639363
1940,884.2909638881683,1.8655762672424316,0.0007383968818918426
1941,884.7409210205078,1.8878757953643799,0.00073812937131651
1942,885.1841464042664,2.021226167678833,0.0007378617801525314
1943,885.6321194171906,1.7960565090179443,0.0007375941085145342
1944,886.0761787891388,1.8970801830291748,0.0007373263565171806
1945,886.5239534378052,1.8523197174072266,0.000737058524275167
1946,886.9740965366364,1.9051302671432495,0.0007367906119032241
1947,887.4197435379028,2.0452122688293457,0.0007365226195161172
1948,887.8692629337311,1.9823546409606934,0.0007362545472286457
1949,888.3123931884766,1.983235239982605,0.0007359863951556432
1950,888.7618999481201,1.8755908012390137,0.0007357181634119776
1951,889.206066608429,1.8504712581634521,0.000735449852112551
1952,889.646954536438,1.979809045791626,0.000735181461372299
1953,890.0965521335602,1.8493638038635254,0.000734912991306192
1954,890.5409791469574,2.001037120819092,0.000734644442029234
1955,890.9921219348907,1.876383662223816,0.000734375813656463
1956,891.4340631961823,1.9715752601623535,0.0007341071063029506
1957,891.877503156662,1.903696060180664,0.0007338383200838029
1958,892.3264577388763,1.932781457901001,0.0007335694551141591
1959,892.77317070961,1.8482580184936523,0.0007333005115091926
1960,893.2241005897522,1.9760991334915161,0.0007330314893841101
1961,893.671334028244,2.0127100944519043,0.0007327623888541523
1962,894.1187403202057,1.9813390970230103,0.0007324932100345932
1963,894.5698237419128,1.984644889831543,0.0007322239530407405
1964,895.0184845924377,1.9938502311706543,0.0007319546179879353
1965,895.4810922145844,1.8582557439804077,0.0007316852049915522
1966,895.9307703971863,1.874305248260498,0.0007314157141669992
1967,896.3802983760834,1.8928759098052979,0.0007311461456297177
1968,896.8231511116028,1.8928523063659668,0.0007308764994951822
1969,897.2693464756012,1.8185168504714966,0.0007306067758789004
1970,897.7200465202332,1.8766396045684814,0.0007303369748964134
1971,898.1679766178131,1.9007112979888916,0.0007300670966632956
1972,898.6177628040314,1.906130313873291,0.000729797141295154
1973,899.0660099983215,1.9939230680465698,0.0007295271089076291
1974,899.5101735591888,1.9965369701385498,0.000729256999616394
1975,899.9512009620667,1.9200732707977295,0.000728986813537155
1976,900.3976356983185,1.872989296913147,0.0007287165507856513
1977,900.8465449810028,1.9408807754516602,0.0007284462114776549
1978,901.3101081848145,1.9699987173080444,0.0007281757957289704
1979,901.7527153491974,1.9166994094848633,0.0007279053036554355
1980,902.1997675895691,1.8824572563171387,0.0007276347353729202
1981,902.6461400985718,1.9133539199829102,0.0007273640909973278
1982,903.0984742641449,1.8710068464279175,0.0007270933706445932
1983,903.5485439300537,1.8577054738998413,0.0007268225744306847
1984,903.9946630001068,1.8245759010314941,0.0007265517024716027
1985,904.4418354034424,1.9292969703674316,0.0007262807548833802
1986,904.8888385295868,1.8952455520629883,0.0007260097317820826
1987,905.330863237381,1.8410944938659668,0.0007257386332838074
1988,905.7763884067535,1.8925939798355103,0.0007254674595046848
1989,906.2233386039734,1.9121054410934448,0.0007251962105608768
1990,906.6688225269318,1.853366494178772,0.000724924886568578
1991,907.11212849617,2.0045337677001953,0.0007246534876440151
1992,907.5611343383789,1.9465564489364624,0.0007243820139034463
1993,908.0040843486786,1.8767167329788208,0.0007241104654631628
1994,908.4480323791504,2.04593825340271,0.0007238388424394873
1995,908.890661239624,1.9404131174087524,0.0007235671449487742
1996,909.3415040969849,1.9715365171432495,0.0007232953731074102
1997,909.7840707302094,1.8448745012283325,0.0007230235270318136
1998,910.2297410964966,1.8821126222610474,0.0007227516068384351
1999,910.6717872619629,1.8998948335647583,0.000722479612643756
2000,911.113285779953,1.8035643100738525,0.0007222075445642905
2001,914.7956643104553,1.8954200744628906,0.0007219354027165835
2002,915.242936372757,1.9274911880493164,0.0007216631872172122
2003,915.6885583400726,1.8800513744354248,0.0007213908981827852
2004,916.1315276622772,1.84956955909729,0.0007211185357299423
2005,916.5863373279572,1.8194870948791504,0.0007208460999753547
2006,917.0286755561829,1.9078631401062012,0.0007205735910357256
2007,917.4801599979401,2.0282034873962402,0.000720301009027789
2008,917.9221227169037,1.8549320697784424,0.0007200283540683103
2009,918.3666577339172,1.9866275787353516,0.0007197556262740862
2010,918.8178806304932,1.952958583831787,0.0007194828257619448
2011,919.2621352672577,1.95815908908844,0.0007192099526487452
2012,919.7067687511444,1.9656894207000732,0.0007189370070513774
2013,920.1532368659973,1.9047257900238037,0.0007186639890867627
2014,920.5947461128235,1.9733941555023193,0.0007183908988718533
2015,921.038670539856,2.0021872520446777,0.0007181177365236323
2016,921.4831025600433,1.947119951248169,0.0007178445021591141
2017,921.9308958053589,1.8104358911514282,0.0007175711958953432
2018,922.3813133239746,1.861149549484253,0.0007172978178493955
2019,922.832480430603,1.7129052877426147,0.0007170243681383774
2020,923.2810018062592,2.012591600418091,0.0007167508468794264
2021,923.728518486023,1.8085237741470337,0.0007164772541897098
2022,924.173374414444,1.7948472499847412,0.0007162035901864264
2023,924.6130058765411,1.8886258602142334,0.0007159298549868049
2024,925.053905248642,1.931179165840149,0.0007156560487081052
2025,925.4985504150391,1.9343187808990479,0.0007153821714676167
2026,925.9427163600922,1.9006993770599365,0.0007151082233826599
2027,926.385852098465,1.8893016576766968,0.0007148342045705855
2028,926.8280217647552,1.8999834060668945,0.0007145601151487745
2029,927.2744829654694,1.9652596712112427,0.000714285955234638
2030,927.7203924655914,1.8417550325393677,0.0007140117249456175
2031,928.1669256687164,1.9032936096191406,0.0007137374243991843
2032,928.6105871200562,1.9519023895263672,0.0007134630537128404
2033,929.053699016571,1.8690407276153564,0.0007131886130041171
2034,929.4966645240784,1.8870216608047485,0.0007129141023905764
2035,929.9411764144897,2.0155842304229736,0.0007126395219898098
2036,930.3848819732666,1.9529733657836914,0.0007123648719194388
2037,930.8356554508209,1.8256407976150513,0.0007120901522971149
2038,931.283772945404,1.887732744216919,0.000711815363240519
2039,931.7273726463318,1.8804686069488525,0.0007115405048673623
2040,932.1693661212921,1.8128900527954102,0.0007112655772953851
2041,932.6113696098328,1.9258826971054077,0.000710990580642358
2042,933.054699420929,1.8760299682617188,0.0007107155150260805
2043,933.5005686283112,2.0742030143737793,0.000710440380564382
2044,933.9448692798615,1.8190245628356934,0.0007101651773751216
2045,934.3870162963867,1.8395745754241943,0.0007098899055761873
2046,934.8365340232849,1.843273401260376,0.000709614565285497
2047,935.2870953083038,1.8550353050231934,0.0007093391566209978
2048,935.7304832935333,1.9968743324279785,0.0007090636797006658
2049,936.1718761920929,1.8928024768829346,0.0007087881346425067
2050,936.617938041687,2.0431013107299805,0.0007085125215645551
2051,937.0616164207458,1.8773633241653442,0.0007082368405848753
2052,937.5046603679657,1.859547734260559,0.0007079610918215597
2053,937.9476013183594,1.97824227809906,0.0007076852753927305
2054,938.3922626972198,1.9666755199432373,0.0007074093914165389
2055,938.8393168449402,1.9878931045532227,0.0007071334400111649
2056,939.2862482070923,1.9858639240264893,0.0007068574212948169
2057,939.7289044857025,1.9386461973190308,0.0007065813353857328
2058,940.1781449317932,1.734142541885376,0.0007063051824021791
2059,940.6249284744263,1.8858273029327393,0.0007060289624624508
2060,941.0771446228027,2.0145909786224365,0.0007057526756848719
2061,941.5207858085632,1.8577289581298828,0.0007054763221877947
2062,941.9674611091614,1.8691496849060059,0.0007051999020896004
2063,942.416713476181,1.923991084098816,0.0007049234155086986
2064,942.8644371032715,1.878900408744812,0.0007046468625635274
2065,943.3094079494476,1.848043441772461,0.000704370243372553
2066,943.7597963809967,1.9701826572418213,0.0007040935580542705
2067,944.2100667953491,1.8059303760528564,0.0007038168067272032
2068,944.6553370952606,1.859865427017212,0.0007035399895099024
2069,945.105146408081,1.8477797508239746,0.0007032631065209479
2070,945.5493831634521,1.8317753076553345,0.0007029861578789474
2071,945.9947922229767,1.925620675086975,0.0007027091437025372
2072,946.4365155696869,1.7430994510650635,0.0007024320641103813
2073,946.8825287818909,1.9238650798797607,0.0007021549192211715
2074,947.3288013935089,1.8920671939849854,0.000701877709153628
2075,947.7779171466827,1.9399346113204956,0.000701600434026499
2076,948.2186546325684,1.9663915634155273,0.0007013230939585603
2077,948.6683657169342,1.946167230606079,0.0007010456890686154
2078,949.1205697059631,1.8356167078018188,0.0007007682194754958
2079,949.5627496242523,1.799821376800537,0.0007004906852980607
2080,950.0084958076477,1.8828716278076172,0.0007002130866551969
2081,950.450936794281,1.8995319604873657,0.0006999354236658191
2082,950.8925805091858,1.8422224521636963,0.0006996576964488687
2083,951.3407070636749,1.9504694938659668,0.0006993799051233157
2084,951.7883486747742,1.8596397638320923,0.0006991020498081569
2085,952.2368083000183,2.033442974090576,0.000698824130622417
2086,952.6813564300537,1.9102399349212646,0.0006985461476851472
2087,953.1295890808105,1.8823599815368652,0.000698268101115427
2088,953.575243473053,1.8695935010910034,0.0006979899910323625
2089,954.021258354187,1.888249158859253,0.0006977118175550873
2090,954.4698457717896,1.9256986379623413,0.0006974335808027621
2091,954.927318572998,1.8058083057403564,0.0006971552808945746
2092,955.3837940692902,1.8825242519378662,0.0006968769179497398
2093,955.8382258415222,1.8514323234558105,0.0006965984920874994
2094,956.2980244159698,1.8128314018249512,0.0006963200034271224
2095,956.740517616272,1.968495488166809,0.000696041452087904
2096,957.1919088363647,1.9948656558990479,0.0006957628381891673
2097,957.638521194458,1.8435487747192383,0.0006954841618502613
2098,958.085725069046,1.9621076583862305,0.0006952054231905623
2099,958.5373077392578,1.860731840133667,0.000694926622329473
2100,958.9817044734955,1.8869208097457886,0.0006946477593864227
2101,959.4256489276886,1.862836241722107,0.0006943688344808677
2102,959.8755447864532,1.7877159118652344,0.0006940898477322903
2103,960.3277022838593,1.8189125061035156,0.0006938107992601997
2104,960.7777028083801,1.9504886865615845,0.0006935316891841316
2105,961.2223377227783,1.835892915725708,0.0006932525176236474
2106,961.669312953949,1.8929680585861206,0.0006929732846983357
2107,962.1154134273529,1.862288475036621,0.000692693990527811
2108,962.5611350536346,1.9437307119369507,0.0006924146352317138
2109,963.0193185806274,1.8627880811691284,0.0006921352189297112
2110,963.4747140407562,1.8371822834014893,0.0006918557417414965
2111,963.9235796928406,1.7885797023773193,0.0006915762037867884
2112,964.3726782798767,1.8914062976837158,0.0006912966051853323
2113,964.819093465805,1.931776762008667,0.0006910169460568993
2114,965.2683181762695,1.899834156036377,0.0006907372265212867
2115,965.7137262821198,1.8158071041107178,0.0006904574466983172
2116,966.1607582569122,2.0199599266052246,0.0006901776067078397
2117,966.6177294254303,1.840051293373108,0.0006898977066697288
2118,967.0639765262604,1.9265540838241577,0.0006896177467038846
2119,967.5083022117615,1.9468441009521484,0.0006893377269302333
2120,967.955739736557,1.9060280323028564,0.0006890576474687264
2121,968.4066336154938,1.9133269786834717,0.000688777508439341
2122,968.856231212616,1.9657542705535889,0.0006884973099620797
2123,969.3002846240997,1.7529668807983398,0.0006882170521569706
2124,969.7505524158478,1.8120900392532349,0.0006879367351440675
2125,970.1926345825195,1.8387266397476196,0.0006876563590434491
2126,970.6357152462006,1.9614778757095337,0.0006873759239752196
2127,971.084888458252,1.9646427631378174,0.0006870954300595087
2128,971.531480550766,1.9111504554748535,0.0006868148774164706
2129,971.9759728908539,1.8793549537658691,0.0006865342661662858
2130,972.4223690032959,1.9183770418167114,0.0006862535964291586
2131,972.8682432174683,2.029130458831787,0.0006859728683253194
2132,973.3101785182953,1.9437873363494873,0.000685692081975023
2133,973.7585797309875,1.81770658493042,0.0006854112374985497
2134,974.2030007839203,1.763766884803772,0.000685130335016204
2135,974.6487176418304,1.8469488620758057,0.0006848493746483155
2136,975.090478181839,1.8339083194732666,0.0006845683565152391
2137,975.5374753475189,1.7793142795562744,0.0006842872807373537
2138,975.9822397232056,1.8296445608139038,0.0006840061474350635
2139,976.4242677688599,1.865565538406372,0.0006837249567287969
2140,976.8667826652527,1.886367678642273,0.0006834437087390069
2141,977.3173649311066,1.8867409229278564,0.0006831624035861717
2142,977.7573959827423,1.8103162050247192,0.000682881041390793
2143,978.1994760036469,1.9490382671356201,0.0006825996222733978
2144,978.6446261405945,1.8568551540374756,0.0006823181463545368
2145,979.086989402771,1.903954029083252,0.0006820366137547855
2146,979.5359082221985,1.8713021278381348,0.0006817550245947437
2147,979.9844026565552,1.8664966821670532,0.0006814733789950348
2148,980.4319405555725,1.9389653205871582,0.0006811916770763072
2149,980.8740911483765,1.9585890769958496,0.0006809099189592329
2150,981.3214373588562,1.8359785079956055,0.000680628104764508
2151,981.7684991359711,1.9070777893066406,0.0006803462346128533
2152,982.2178177833557,1.8293204307556152,0.0006800643086250122
2153,982.660523891449,1.9228465557098389,0.0006797823269217535
2154,983.1051442623138,1.8936697244644165,0.0006795002896238689
2155,983.5545287132263,1.796755075454712,0.0006792181968521744
2156,984.0022814273834,1.8786234855651855,0.0006789360487275093
2157,984.4451403617859,1.794967770576477,0.0006786538453707372
2158,984.8927683830261,1.866588830947876,0.0006783715869027447
2159,985.3412485122681,1.9974664449691772,0.0006780892734444428
2160,985.7844829559326,1.833675742149353,0.0006778069051167654
2161,986.2293536663055,1.8055363893508911,0.0006775244820406698
2162,986.6765258312225,1.7583032846450806,0.0006772420043371375
2163,987.118513584137,1.9703131914138794,0.000676959472127173
2164,987.5652027130127,1.8777590990066528,0.000676676885531804
2165,988.0103459358215,1.9143741130828857,0.0006763942446720815
2166,988.4534754753113,1.831157922744751,0.00067611154966908
2167,988.897390127182,1.7882697582244873,0.000675828800643897
2168,989.338517665863,1.7678769826889038,0.0006755459977176532
2169,989.7844271659851,1.9172084331512451,0.0006752631410114925
2170,990.2272868156433,1.834282398223877,0.0006749802306465816
2171,990.6744315624237,1.8451318740844727,0.0006746972667441102
2172,991.1182913780212,1.9320069551467896,0.0006744142494252914
2173,991.5649855136871,1.9549164772033691,0.0006741311788113606
2174,992.011964559555,1.890305757522583,0.0006738480550235762
2175,992.457957983017,1.8754053115844727,0.0006735648781832196
2176,992.9024748802185,1.9227399826049805,0.0006732816484115948
2177,993.343878030777,1.9562108516693115,0.0006729983658300281
2178,993.78968501091,1.8995734453201294,0.0006727150305598689
2179,994.2345612049103,1.851487398147583,0.0006724316427224894
2180,994.6838541030884,1.8859528303146362,0.0006721482024392835
2181,995.1319541931152,1.9216974973678589,0.0006718647098316682
2182,995.5721163749695,1.9210035800933838,0.0006715811650210827
2183,996.0146245956421,1.7164660692214966,0.0006712975681289885
2184,996.4627373218536,1.8174480199813843,0.0006710139192768696
2185,996.9149100780487,1.8847734928131104,0.0006707302185862323
2186,997.3597238063812,1.972812533378601,0.0006704464661786046
2187,997.8095440864563,1.8243287801742554,0.0006701626621755372
2188,998.2540018558502,1.9616618156433105,0.0006698788066986029
2189,998.6967811584473,1.7758063077926636,0.0006695948998693961
2190,999.1426556110382,1.9666080474853516,0.0006693109418095337
2191,999.5932238101959,2.0100536346435547,0.0006690269326406541
2192,1000.0407159328461,1.8833739757537842,0.0006687428724844179
2193,1000.4856522083282,1.8039311170578003,0.0006684587614625073
2194,1000.9324686527252,1.827677845954895,0.0006681745996966268
2195,1001.3782124519348,1.8838253021240234,0.0006678903873085019
2196,1001.823940038681,1.8253718614578247,0.0006676061244198803
2197,1002.2692303657532,1.8369067907333374,0.0006673218111525312
2198,1002.7110416889191,1.9572956562042236,0.0006670374476282455
2199,1003.1676073074341,1.8609615564346313,0.0006667530339688354
2200,1003.6122868061066,1.8312437534332275,0.0006664685702961343
2201,1004.0568528175354,1.8089871406555176,0.0006661840567319981
2202,1004.5005934238434,1.9104588031768799,0.0006658994933983029
2203,1004.9533579349518,1.9099757671356201,0.0006656148804169466
2204,1005.4010899066925,1.7285014390945435,0.0006653302179098486
2205,1005.851090669632,1.7805795669555664,0.000665045505998949
2206,1006.2985503673553,1.8080941438674927,0.0006647607448062096
2207,1006.7452402114868,1.9512975215911865,0.0006644759344536129
2208,1007.1952428817749,1.783094882965088,0.0006641910750631626
2209,1007.6454885005951,1.7705576419830322,0.0006639061667568835
2210,1008.0881414413452,1.929679274559021,0.0006636212096568211
2211,1008.5329585075378,1.909662127494812,0.0006633362038850421
2212,1008.9800283908844,1.856522560119629,0.000663051149563634
2213,1009.4281179904938,1.716812252998352,0.000662766046814705
2214,1009.8736233711243,1.7972991466522217,0.0006624808957603838
2215,1010.3193085193634,1.787184238433838,0.0006621956965228203
2216,1010.7695195674896,1.8490492105484009,0.0006619104492241848
2217,1011.2207825183868,1.823311686515808,0.0006616251539866679
2218,1011.6685519218445,1.9101245403289795,0.0006613398109324814
2219,1012.1186850070953,1.8722032308578491,0.0006610544201838569
2220,1012.5638465881348,1.777163028717041,0.000660768981863047
2221,1013.0115311145782,1.8831968307495117,0.0006604834960923241
2222,1013.4586622714996,1.9023795127868652,0.0006601979629939814
2223,1013.9001996517181,1.7729172706604004,0.0006599123826903322
2224,1014.3482789993286,1.7958447933197021,0.0006596267553037102
2225,1014.7911596298218,1.7805743217468262,0.0006593410809564689
2226,1015.2417232990265,1.897067904472351,0.0006590553597709821
2227,1015.6922123432159,1.8990973234176636,0.0006587695918696435
2228,1016.1426949501038,1.8655431270599365,0.0006584837773748675
2229,1016.5883786678314,1.9536879062652588,0.0006581979164090875
2230,1017.0302546024323,1.8475967645645142,0.0006579120090947575
2231,1017.4715559482574,1.8209257125854492,0.000657626055554351
2232,1017.9187195301056,1.8039087057113647,0.0006573400559103615
2233,1018.366908788681,1.8329191207885742,0.000657054010285302
2234,1018.8102099895477,1.9723472595214844,0.0006567679188017056
2235,1019.2574198246002,1.9449801445007324,0.0006564817815821245
2236,1019.7059381008148,1.8111708164215088,0.0006561955987491309
2237,1020.1531965732574,1.9918620586395264,0.0006559093704253168
2238,1020.5974543094635,1.7577569484710693,0.000655623096733293
2239,1021.0414686203003,1.811920404434204,0.0006553367777956897
2240,1021.4876573085785,1.8209490776062012,0.0006550504137351575
2241,1021.9391686916351,1.8452820777893066,0.0006547640046743653
2242,1022.3896162509918,1.9666807651519775,0.0006544775507360017
2243,1022.8368489742279,1.8454082012176514,0.0006541910520427745
2244,1023.2825613021851,1.8513180017471313,0.0006539045087174106
2245,1023.7334620952606,1.8082096576690674,0.0006536179208826562
2246,1024.1797246932983,1.9388008117675781,0.0006533312886612761
2247,1024.633225440979,1.9476821422576904,0.0006530446121760548
2248,1025.0849010944366,1.8762328624725342,0.0006527578915497952
2249,1025.5341093540192,1.8331419229507446,0.0006524711269053192
2250,1025.980660200119,1.9629759788513184,0.000652184318365468
2251,1026.4263060092926,1.7343568801879883,0.000651897466053101
2252,1026.8703479766846,1.7553894519805908,0.0006516105700910968
2253,1027.3133544921875,1.9039747714996338,0.0006513236306023522
2254,1027.7606301307678,1.8103355169296265,0.0006510366477097833
2255,1028.2041838169098,1.940259575843811,0.0006507496215363244
2256,1028.655369758606,1.7943153381347656,0.0006504625522049281
2257,1029.1020505428314,1.8843872547149658,0.0006501754398385662
2258,1029.5516884326935,1.9211612939834595,0.0006498882845602282
2259,1029.9957327842712,1.7603082656860352,0.0006496010864929226
2260,1030.4416718482971,1.8935253620147705,0.0006493138457596756
2261,1030.900098323822,1.8633655309677124,0.000649026562483532
2262,1031.3437073230743,1.732635498046875,0.0006487392367875552
2263,1031.789860010147,1.8641678094863892,0.0006484518687948262
2264,1032.2377099990845,1.8297053575515747,0.0006481644586284443
2265,1032.6851284503937,1.9294615983963013,0.0006478770064115266
2266,1033.1292436122894,1.7642526626586914,0.0006475895122672091
2267,1033.576485157013,1.9172172546386719,0.0006473019763186447
2268,1034.0328488349915,1.783894419670105,0.0006470143986890049
2269,1034.4826714992523,1.9277703762054443,0.0006467267795014786
2270,1034.9287688732147,1.920201063156128,0.0006464391188792728
2271,1035.3792653083801,1.9273052215576172,0.0006461514169456123
2272,1035.8262119293213,1.9969130754470825,0.0006458636738237395
2273,1036.2718818187714,1.8896143436431885,0.0006455758896369142
2274,1036.7209503650665,1.8796939849853516,0.0006452880645084142
2275,1037.1661183834076,1.892784595489502,0.0006450001985615344
2276,1037.6106219291687,1.8640556335449219,0.0006447122919195875
2277,1038.0565078258514,1.9037561416625977,0.0006444243447059039
2278,1038.5011444091797,1.8455785512924194,0.0006441363570438305
2279,1038.9442965984344,1.7758656740188599,0.0006438483290567325
2280,1039.3894138336182,2.0126304626464844,0.0006435602608679916
2281,1039.8400840759277,1.852515697479248,0.0006432721526010076
2282,1040.2848680019379,1.8377771377563477,0.0006429840043791962
2283,1040.728997707367,1.9331536293029785,0.0006426958163259915
2284,1041.1720752716064,1.8507298231124878,0.0006424075885648439
2285,1041.61825633049,1.8082249164581299,0.000642119321219221
2286,1042.0658013820648,1.7938369512557983,0.0006418310144126073
2287,1042.5089449882507,1.8080003261566162,0.0006415426682685044
2288,1042.9562113285065,1.9033291339874268,0.0006412542829104306
2289,1043.4013829231262,1.7859489917755127,0.0006409658584619212
2290,1043.8465642929077,1.8350114822387695,0.0006406773950465277
2291,1044.2927556037903,1.8826394081115723,0.000640388892787819
2292,1044.7382142543793,1.843407392501831,0.0006401003518093801
2293,1045.1823892593384,1.820068120956421,0.000639811772234813
2294,1045.6251945495605,1.7944743633270264,0.0006395231541877356
2295,1046.0712883472443,1.7689704895019531,0.0006392344977917833
2296,1046.5170834064484,1.916426420211792,0.0006389458031706068
2297,1046.9602410793304,1.8367427587509155,0.0006386570704478739
2298,1047.406243801117,1.9809017181396484,0.0006383682997472688
2299,1047.8564269542694,1.8862022161483765,0.0006380794911924912
2300,1048.3041961193085,1.965314269065857,0.0006377906449072579
2301,1048.7514424324036,1.9361661672592163,0.0006375017610153011
2302,1049.19801902771,1.9255890846252441,0.0006372128396403698
2303,1049.6427092552185,1.9115262031555176,0.0006369238809062287
2304,1050.0916061401367,1.8756954669952393,0.0006366348849366584
2305,1050.537923336029,1.8258671760559082,0.0006363458518554557
2306,1050.9839930534363,1.7425696849822998,0.0006360567817864332
2307,1051.4299614429474,1.8027219772338867,0.0006357676748534193
2308,1051.8742048740387,1.9507454633712769,0.0006354785311802582
2309,1052.3265264034271,1.9168022871017456,0.0006351893508908098
2310,1052.7770988941193,1.8081614971160889,0.00063490013410895
2311,1053.2247116565704,1.8548240661621094,0.0006346108809585697
2312,1053.6720776557922,1.9175423383712769,0.0006343215915635762
2313,1054.1184973716736,1.9509773254394531,0.0006340322660478915
2314,1054.5699684619904,1.8898979425430298,0.0006337429045354537
2315,1055.0272378921509,1.8557109832763672,0.0006334535071502159
2316,1055.4737966060638,1.7715539932250977,0.000633164074016147
2317,1055.9175930023193,1.815582513809204,0.0006328746052572307
2318,1056.3807773590088,1.89316725730896,0.0006325851009974665
2319,1056.8236689567566,1.95928955078125,0.0006322955613608683
2320,1057.2740216255188,1.9050822257995605,0.0006320059864714665
2321,1057.7165858745575,1.857511043548584,0.0006317163764533049
2322,1058.1627440452576,1.8244351148605347,0.0006314267314304439
2323,1058.6075086593628,1.7667014598846436,0.0006311370515269579
2324,1059.053141593933,1.9452695846557617,0.0006308473368669367
2325,1059.501867055893,1.8112322092056274,0.0006305575875744848
2326,1059.9471893310547,1.799103021621704,0.0006302678037737215
2327,1060.3904099464417,1.7838108539581299,0.0006299779855887812
2328,1060.8358204364777,1.8721272945404053,0.0006296881331438126
2329,1061.2833058834076,1.8094971179962158,0.0006293982465629793
2330,1061.731374502182,1.8555655479431152,0.0006291083259704596
2331,1062.1819739341736,1.7443697452545166,0.0006288183714904462
2332,1062.6355390548706,1.840726613998413,0.0006285283832471464
2333,1063.0931131839752,1.9532735347747803,0.0006282383613647821
2334,1063.5438539981842,1.8486902713775635,0.0006279483059675892
2335,1063.995048046112,1.9113595485687256,0.0006276582171798183
2336,1064.4422447681427,1.85374915599823,0.0006273680951257343
2337,1064.8866963386536,1.8802645206451416,0.0006270779399296163
2338,1065.3356449604034,1.7356369495391846,0.0006267877517157575
2339,1065.7838439941406,1.8843810558319092,0.0006264975306084652
2340,1066.2317793369293,1.870221495628357,0.000626207276732061
2341,1066.6766920089722,1.9552900791168213,0.0006259169902108806
2342,1067.1218020915985,1.9200481176376343,0.0006256266711692734
2343,1067.5656700134277,1.8374699354171753,0.0006253363197316027
2344,1068.0158355236053,1.8947334289550781,0.0006250459360222461
2345,1068.463045835495,1.8922491073608398,0.0006247555201655945
2346,1068.904951095581,1.8273794651031494,0.000624465072286053
2347,1069.3470487594604,1.8950717449188232,0.0006241745925080403
2348,1069.792060136795,1.9225294589996338,0.0006238840809559883
2349,1070.237056016922,1.7944345474243164,0.0006235935377543435
2350,1070.6824972629547,1.7348408699035645,0.000623302963027565
2351,1071.1311247348785,1.7716643810272217,0.0006230123569001259
2352,1071.5761988162994,1.882918357849121,0.0006227217194965126
2353,1072.0275554656982,1.8384737968444824,0.0006224310509412249
2354,1072.4709885120392,1.9946750402450562,0.000622140351358776
2355,1072.916995048523,1.9350515604019165,0.0006218496208736926
2356,1073.3623926639557,1.8147192001342773,0.000621558859610514
2357,1073.8140976428986,1.7925586700439453,0.0006212680676937932
2358,1074.2615740299225,1.7477706670761108,0.0006209772452480964
2359,1074.7042834758759,1.8500769138336182,0.0006206863923980026
2360,1075.1534054279327,1.7491260766983032,0.000620395509268104
2361,1075.6067161560059,1.9239239692687988,0.0006201045959830055
2362,1076.0572860240936,1.8873097896575928,0.0006198136526673251
2363,1076.5070927143097,1.9962327480316162,0.000619522679445694
2364,1076.953717470169,1.8778679370880127,0.0006192316764427557
2365,1077.4001488685608,1.8554762601852417,0.0006189406437831664
2366,1077.8448948860168,1.884850263595581,0.0006186495815915955
2367,1078.2902472019196,1.8107446432113647,0.0006183584899927248
2368,1078.7359297275543,1.9131776094436646,0.0006180673691112488
2369,1079.1785900592804,1.741424322128296,0.000617776219071874
2370,1079.6229906082153,1.7707170248031616,0.0006174850399993202
2371,1080.0731887817383,1.9010825157165527,0.0006171938320183193
2372,1080.51678109169,1.859097957611084,0.0006169025952536155
2373,1080.9586391448975,1.8070926666259766,0.0006166113298299651
2374,1081.4050090312958,1.8202393054962158,0.0006163200358721371
2375,1081.8563165664673,1.8786709308624268,0.0006160287135049128
2376,1082.30468416214,1.884871244430542,0.0006157373628530854
2377,1082.7527685165405,1.8488211631774902,0.0006154459840414598
2378,1083.1988813877106,1.886497974395752,0.000615154577194854
2379,1083.6437139511108,1.8188977241516113,0.0006148631424380971
2380,1084.0978240966797,1.8381519317626953,0.0006145716798960307
2381,1084.5444314479828,1.8616864681243896,0.0006142801896935081
2382,1084.9886312484741,1.7959399223327637,0.0006139886719553941
2383,1085.4328129291534,1.8450970649719238,0.000613697126806566
2384,1085.8783855438232,1.845204472541809,0.0006134055543719122
2385,1086.326896429062,1.7681108713150024,0.0006131139547763334
2386,1086.7750570774078,1.8575303554534912,0.0006128223281447413
2387,1087.2204365730286,1.8783689737319946,0.0006125306746020597
2388,1087.667362689972,1.826695442199707,0.0006122389942732236
2389,1088.11239027977,1.820038080215454,0.0006119472872831796
2390,1088.5633642673492,1.8524832725524902,0.0006116555537568857
2391,1089.012900352478,1.775672197341919,0.0006113637938193112
2392,1089.464970588684,1.857753872871399,0.000611072007595437
2393,1089.9134838581085,1.9416866302490234,0.0006107801952102549
2394,1090.3656115531921,1.8339264392852783,0.0006104883567887682
2395,1090.8222284317017,1.869690179824829,0.0006101964924559909
2396,1091.2725372314453,1.6882789134979248,0.0006099046023369486
2397,1091.717683315277,1.805452823638916,0.0006096126865566778
2398,1092.1675281524658,1.82925283908844,0.0006093207452402259
2399,1092.6126804351807,1.811680555343628,0.0006090287785126514
2400,1093.0605096817017,1.8859615325927734,0.0006087367864990234
2401,1093.5066328048706,1.7747280597686768,0.0006084447693244217
2402,1093.9543781280518,1.8728631734848022,0.000608152727113938
2403,1094.4013886451721,1.8234302997589111,0.0006078606599926732
2404,1094.8504271507263,1.8650217056274414,0.00060756856808574
2405,1095.3003549575806,1.905889630317688,0.0006072764515182611
2406,1095.746587753296,1.9348533153533936,0.0006069843104153697
2407,1096.1971559524536,1.9312922954559326,0.0006066921449022104
2408,1096.6437962055206,1.875008463859558,0.000606399955103937
2409,1097.090341091156,1.8752987384796143,0.0006061077411457146
2410,1097.5351746082306,1.8105181455612183,0.0006058155031527185
2411,1097.9790892601013,1.8008631467819214,0.000605523241250134
2412,1098.4227821826935,1.9028464555740356,0.0006052309555631567
2413,1098.8698341846466,1.8823882341384888,0.0006049386462169927
2414,1099.3175654411316,1.7577786445617676,0.0006046463133368582
2415,1099.7693486213684,1.8269424438476562,0.0006043539570479789
2416,1100.2142663002014,1.8473587036132812,0.0006040615774755912
2417,1100.668386220932,1.9145584106445312,0.0006037691747449413
2418,1101.116686820984,1.868422508239746,0.0006034767489812849
2419,1101.5684366226196,1.800154447555542,0.0006031843003098883
2420,1102.016762971878,1.7131174802780151,0.000602891828856027
2421,1102.4607648849487,1.7699353694915771,0.0006025993347449865
2422,1102.906137228012,1.889378309249878,0.000602306818102062
2423,1103.3548564910889,1.7700996398925781,0.0006020142790525583
2424,1103.7996237277985,1.88002347946167,0.00060172171772179
2425,1104.2453973293304,1.9417849779129028,0.000601429134235081
2426,1104.69300699234,1.8028607368469238,0.0006011365287177646
2427,1105.137526512146,1.8403987884521484,0.0006008439012951839
2428,1105.5846493244171,1.8643441200256348,0.000600551252092691
2429,1106.0342240333557,1.8132092952728271,0.0006002585812356478
2430,1106.476483821869,1.7468383312225342,0.000599965888849425
2431,1106.9227311611176,1.852791666984558,0.0005996731750594027
2432,1107.3682053089142,1.8736522197723389,0.0005993804399909704
2433,1107.818104505539,1.8633863925933838,0.0005990876837695263
2434,1108.2782423496246,1.8571760654449463,0.0005987949065204781
2435,1108.7260251045227,1.9105219841003418,0.0005985021083692417
2436,1109.1726670265198,1.78557288646698,0.0005982092894412432
2437,1109.621558189392,1.7999629974365234,0.0005979164498619166
2438,1110.0680413246155,1.8169102668762207,0.0005976235897567051
2439,1110.520271062851,1.6554698944091797,0.0005973307092510607
2440,1110.9635264873505,1.86623215675354,0.0005970378084704442
2441,1111.4130425453186,1.8499677181243896,0.0005967448875403246
2442,1111.8622434139252,1.7882158756256104,0.0005964519465861805
2443,1112.309998035431,1.8320307731628418,0.0005961589857334981
2444,1112.7571485042572,1.8842864036560059,0.0005958660051077725
2445,1113.2073237895966,1.7792094945907593,0.0005955730048345075
2446,1113.6520371437073,1.789032220840454,0.0005952799850392152
2447,1114.0976696014404,1.8018395900726318,0.0005949869458474156
2448,1114.5470764636993,1.8202788829803467,0.0005946938873846376
2449,1114.9968285560608,1.7480230331420898,0.000594400809776418
2450,1115.4461455345154,1.855787992477417,0.0005941077131483024
2451,1115.887773513794,1.8783841133117676,0.0005938145976258435
2452,1116.3352589607239,1.8229730129241943,0.0005935214633346028
2453,1116.7782287597656,1.858017086982727,0.00059322831040015
2454,1117.2247817516327,1.9068543910980225,0.0005929351389480622
2455,1117.6741352081299,1.7404727935791016,0.0005926419491039251
2456,1118.128565788269,1.8816027641296387,0.0005923487409933316
2457,1118.5759234428406,1.6794357299804688,0.0005920555147418827
2458,1119.0205616950989,1.746523380279541,0.0005917622704751874
2459,1119.465853214264,1.8073168992996216,0.0005914690083188622
2460,1119.9194025993347,1.7964746952056885,0.0005911757283985312
2461,1120.3641366958618,1.8675177097320557,0.0005908824308398262
2462,1120.8068900108337,1.8821074962615967,0.0005905891157683866
2463,1121.25439620018,1.8441802263259888,0.0005902957833098594
2464,1121.7016496658325,1.8581228256225586,0.0005900024335898987
2465,1122.1458387374878,1.8107576370239258,0.0005897090667341664
2466,1122.5948812961578,1.8812462091445923,0.0005894156828683313
2467,1123.0431520938873,1.9080173969268799,0.0005891222821180698
2468,1123.4905683994293,1.9102368354797363,0.0005888288646090657
2469,1123.9347052574158,1.775649905204773,0.0005885354304670093
2470,1124.3877429962158,1.779795527458191,0.0005882419798175988
2471,1124.8331489562988,1.743394136428833,0.000587948512786539
2472,1125.2799320220947,1.7796988487243652,0.0005876550294995421
2473,1125.738501548767,1.8482298851013184,0.0005873615300823266
2474,1126.1846437454224,1.8884000778198242,0.0005870680146606186
2475,1126.6331706047058,1.7645792961120605,0.0005867744833601507
2476,1127.080718755722,1.7615761756896973,0.0005864809363066625
2477,1127.5286724567413,1.8820070028305054,0.0005861873736259001
2478,1127.9734933376312,1.8139199018478394,0.0005858937954436164
2479,1128.4178743362427,1.8669089078903198,0.0005856002018855711
2480,1128.8867087364197,1.7095483541488647,0.0005853065930775303
2481,1129.3384790420532,1.8332340717315674,0.0005850129691452666
2482,1129.7864320278168,1.7474398612976074,0.0005847193302145593
2483,1130.2321474552155,1.771122932434082,0.0005844256764111937
2484,1130.6885545253754,1.8142073154449463,0.0005841320078609622
2485,1131.131873369217,1.775887370109558,0.000583838324689663
2486,1131.5770108699799,1.8058193922042847,0.0005835446270231004
2487,1132.0242171287537,1.7212541103363037,0.0005832509149870852
2488,1132.4736063480377,1.8042500019073486,0.0005829571887074343
2489,1132.9193115234375,1.887392282485962,0.0005826634483099708
2490,1133.363739490509,1.7885184288024902,0.0005823696939205238
2491,1133.8069965839386,1.8273608684539795,0.0005820759256649282
2492,1134.2523634433746,1.8229572772979736,0.000581782143669025
2493,1134.7000198364258,1.7718825340270996,0.0005814883480586611
2494,1135.1512279510498,1.8881597518920898,0.0005811945389596895
2495,1135.5985383987427,1.8506354093551636,0.0005809007164979681
2496,1136.0464882850647,1.7335259914398193,0.0005806068807993617
2497,1136.5129127502441,1.9543015956878662,0.0005803130319897398
2498,1136.9578394889832,1.7798230648040771,0.000580019170194978
2499,1137.400910615921,1.8678398132324219,0.0005797252955409574
2500,1137.848181962967,1.7792727947235107,0.0005794314081535644
2501,1141.5966360569,1.7443791627883911,0.0005791375081586912
2502,1142.0406107902527,1.8970997333526611,0.0005788435956822352
2503,1142.4841299057007,1.8182216882705688,0.0005785496708500991
2504,1142.9337904453278,1.774564504623413,0.0005782557337881911
2505,1143.385464668274,1.8866194486618042,0.0005779617846224243
2506,1143.8353793621063,1.784630298614502,0.0005776678234787172
2507,1144.2808878421783,1.8063209056854248,0.0005773738504829937
2508,1144.7294235229492,1.8316209316253662,0.0005770798657611821
2509,1145.1787650585175,1.6812189817428589,0.0005767858694392164
2510,1145.626085281372,1.8838223218917847,0.000576491861643035
2511,1146.070109128952,1.8410897254943848,0.0005761978424985818
2512,1146.5170493125916,1.825202226638794,0.0005759038121318054
2513,1146.9638748168945,1.8353874683380127,0.0005756097706686585
2514,1147.4149923324585,1.7303352355957031,0.0005753157182350996
2515,1147.8581516742706,1.915611982345581,0.000575021654957091
2516,1148.3044209480286,1.8741859197616577,0.0005747275809606006
2517,1148.7541317939758,1.7729942798614502,0.0005744334963716
2518,1149.2021753787994,1.8774751424789429,0.0005741394013160658
2519,1149.648196697235,1.7453336715698242,0.0005738452959199788
2520,1150.089469909668,1.8429126739501953,0.0005735511803093248
2521,1150.5390434265137,1.8096905946731567,0.0005732570546100932
2522,1150.981896162033,1.8754252195358276,0.0005729629189482783
2523,1151.4274215698242,1.7464509010314941,0.0005726687734498784
2524,1151.8728926181793,1.7564526796340942,0.000572374618240896
2525,1152.3208961486816,1.8422784805297852,0.0005720804534473381
2526,1152.7642269134521,1.8379473686218262,0.0005717862791952155
2527,1153.2132322788239,1.8818583488464355,0.0005714920956105428
2528,1153.660436630249,1.882232666015625,0.0005711979028193392
2529,1154.1062574386597,1.8455612659454346,0.0005709037009476275
2530,1154.5541462898254,1.7550311088562012,0.0005706094901214343
2531,1155.0040428638458,1.9167585372924805,0.0005703152704667905
2532,1155.4505631923676,1.869215965270996,0.00057002104210973
2533,1155.8975291252136,1.7843397855758667,0.0005697268051762912
2534,1156.345251083374,1.7924537658691406,0.0005694325597925157
2535,1156.7891771793365,1.8176612854003906,0.000569138306084449
2536,1157.2358372211456,1.6671373844146729,0.0005688440441781398
2537,1157.6790540218353,1.8240923881530762,0.000568549774199641
2538,1158.1298575401306,1.760316014289856,0.0005682554962750081
2539,1158.5773677825928,1.9459786415100098,0.0005679612105303004
2540,1159.025906085968,1.7261756658554077,0.0005676669170915809
2541,1159.4749126434326,1.7744171619415283,0.0005673726160849154
2542,1159.919932603836,1.7790720462799072,0.0005670783076363729
2543,1160.3695795536041,1.8753864765167236,0.0005667839918720262
2544,1160.8187594413757,1.9036015272140503,0.0005664896689179503
2545,1161.2640471458435,1.9740798473358154,0.0005661953389002243
2546,1161.7185099124908,1.6861326694488525,0.0005659010019449296
2547,1162.1672394275665,1.9241852760314941,0.0005656066581781508
2548,1162.6157958507538,1.7890113592147827,0.0005653123077259753
2549,1163.06094455719,1.7590045928955078,0.0005650179507144938
2550,1163.5064463615417,1.975990891456604,0.0005647235872697994
2551,1163.9495668411255,1.8536362648010254,0.0005644292175179878
2552,1164.398488998413,1.8763437271118164,0.0005641348415851578
2553,1164.844848871231,1.7803752422332764,0.0005638404595974107
2554,1165.2941737174988,2.001786708831787,0.0005635460716808504
2555,1165.7409250736237,1.8405669927597046,0.0005632516779615835
2556,1166.190191745758,1.860242486000061,0.0005629572785657186
2557,1166.638195991516,1.741663932800293,0.0005626628736193673
2558,1167.086264848709,1.7464885711669922,0.000562368463248643
2559,1167.5307009220123,1.7135188579559326,0.0005620740475796623
2560,1167.9785425662994,1.8409229516983032,0.000561779626738543
2561,1168.4300894737244,1.7571637630462646,0.0005614852008514058
2562,1168.880526304245,1.9357116222381592,0.0005611907700443736
2563,1169.324363231659,1.7302470207214355,0.0005608963344435708
2564,1169.771659374237,1.7266789674758911,0.0005606018941751247
2565,1170.2195162773132,1.8411109447479248,0.0005603074493651637
2566,1170.667456626892,1.8233355283737183,0.000560013000139819
2567,1171.1122436523438,1.717326045036316,0.0005597185466252232
2568,1171.5598919391632,1.8234329223632812,0.0005594240889475107
2569,1172.0059406757355,1.8258349895477295,0.0005591296272328179
2570,1172.452451467514,1.7985906600952148,0.0005588351616072827
2571,1172.8961424827576,1.7524237632751465,0.0005585406921970451
2572,1173.3499236106873,1.7100093364715576,0.0005582462191282463
2573,1173.7951090335846,1.8291065692901611,0.0005579517425270292
2574,1174.2389838695526,1.861013412475586,0.0005576572625195381
2575,1174.6858961582184,1.758410096168518,0.0005573627792319191
2576,1175.132348060608,1.8524346351623535,0.0005570682927903193
2577,1175.57550907135,1.7746433019638062,0.0005567738033208877
2578,1176.019966840744,1.7322640419006348,0.0005564793109497735
2579,1176.463856458664,1.8142338991165161,0.0005561848158031287
2580,1176.9097957611084,1.84920072555542,0.000555890318007105
2581,1177.3580214977264,1.8274446725845337,0.0005555958176878564
2582,1177.8077313899994,1.8532779216766357,0.0005553013149715371
2583,1178.2559242248535,1.8516006469726562,0.0005550068099843031
2584,1178.702957391739,1.7697070837020874,0.0005547123028523107
2585,1179.1499671936035,1.8888294696807861,0.0005544177937017174
2586,1179.59570646286,1.8444993495941162,0.0005541232826586817
2587,1180.0544862747192,1.7930388450622559,0.0005538287698493626
2588,1180.5052869319916,1.839389443397522,0.0005535342553999201
2589,1180.9551756381989,1.848458170890808,0.0005532397394365149
2590,1181.3993549346924,1.859897255897522,0.0005529452220853084
2591,1181.8443069458008,1.8560011386871338,0.0005526507034724623
2592,1182.2876262664795,1.784522533416748,0.0005523561837241387
2593,1182.735154390335,1.7793779373168945,0.0005520616629665012
2594,1183.1839344501495,1.6754059791564941,0.0005517671413257127
2595,1183.6290936470032,1.8343126773834229,0.000551472618927937
2596,1184.0789728164673,1.8729791641235352,0.0005511780958993382
2597,1184.525627374649,1.7362060546875,0.0005508835723660804
2598,1184.9702260494232,1.804625391960144,0.0005505890484543284
2599,1185.4159302711487,1.8740575313568115,0.0005502945242902465
2600,1185.8648591041565,1.7439427375793457,0.00055
2601,1186.3109576702118,1.8863223791122437,0.0005497054757097533
2602,1186.7568526268005,1.8691431283950806,0.0005494109515456718
2603,1187.2055087089539,1.8419688940048218,0.0005491164276339197
2604,1187.6495428085327,1.7802579402923584,0.0005488219041006619
2605,1188.0955619812012,1.8074567317962646,0.0005485273810720629
2606,1188.5428051948547,1.7783637046813965,0.0005482328586742873
2607,1188.9847419261932,1.865246295928955,0.0005479383370334989
2608,1189.4346809387207,1.874464988708496,0.0005476438162758611
2609,1189.8824083805084,1.8210461139678955,0.0005473492965275379
2610,1190.3296010494232,1.8256173133850098,0.0005470547779146917
2611,1190.7795634269714,1.8509845733642578,0.0005467602605634852
2612,1191.223115682602,1.8440637588500977,0.00054646574460008
2613,1191.673368215561,1.7742513418197632,0.0005461712301506375
2614,1192.1215019226074,1.7563729286193848,0.0005458767173413184
2615,1192.567440032959,1.84975266456604,0.0005455822062982827
2616,1193.0105185508728,1.7272210121154785,0.0005452876971476895
2617,1193.461098909378,1.8567132949829102,0.000544993190015697
2618,1193.9101989269257,1.8076708316802979,0.0005446986850284628
2619,1194.358506679535,1.812126874923706,0.0005444041823121437
2620,1194.8045513629913,1.7738252878189087,0.0005441096819928951
2621,1195.251196861267,1.8290013074874878,0.0005438151841968714
2622,1195.6978778839111,1.8190267086029053,0.0005435206890502264
2623,1196.1449537277222,1.7351375818252563,0.0005432261966791126
2624,1196.593297958374,1.7909879684448242,0.0005429317072096808
2625,1197.0409870147705,1.8268743753433228,0.0005426372207680809
2626,1197.485523223877,1.7659716606140137,0.000542342737480462
2627,1197.9316818714142,1.8564690351486206,0.000542048257472971
2628,1198.3730337619781,1.8138103485107422,0.0005417537808717538
2629,1198.81755900383,1.7591274976730347,0.000541459307802955
2630,1199.2671070098877,1.8099429607391357,0.0005411648383927173
2631,1199.7123484611511,1.8624454736709595,0.0005408703727671822
2632,1200.1631922721863,1.7387559413909912,0.0005405759110524894
2633,1200.6094026565552,1.853689193725586,0.0005402814533747769
2634,1201.0580999851227,1.895561933517456,0.0005399869998601811
2635,1201.5063519477844,1.7974040508270264,0.0005396925506348363
2636,1201.9544389247894,1.6763594150543213,0.0005393981058248755
2637,1202.4021663665771,1.7977242469787598,0.0005391036655564293
2638,1202.861490726471,1.7881801128387451,0.0005388092299556266
2639,1203.3078076839447,1.8996810913085938,0.0005385147991485942
2640,1203.7567865848541,1.749945878982544,0.0005382203732614572
2641,1204.2034599781036,1.9313204288482666,0.0005379259524203378
2642,1204.6448934078217,1.806997299194336,0.000537631536751357
2643,1205.0864367485046,1.812516689300537,0.000537337126380633
2644,1205.529405593872,1.8336669206619263,0.0005370427214342815
2645,1205.9736988544464,1.773617148399353,0.0005367483220384165
2646,1206.4215443134308,1.795548677444458,0.0005364539283191495
2647,1206.8673079013824,1.7370293140411377,0.0005361595404025895
2648,1207.3104877471924,1.877951741218567,0.0005358651584148423
2649,1207.756858587265,1.755427360534668,0.0005355707824820122
2650,1208.2010262012482,1.7273722887039185,0.0005352764127302008
2651,1208.6502466201782,1.8713431358337402,0.0005349820492855063
2652,1209.1012032032013,1.7945294380187988,0.0005346876922740246
2653,1209.5474736690521,1.7454869747161865,0.0005343933418218494
2654,1210.0022928714752,1.8457149267196655,0.0005340989980550704
2655,1210.4458146095276,1.7846946716308594,0.0005338046610997758
2656,1210.8895816802979,1.689497709274292,0.0005335103310820496
2657,1211.337077140808,1.8220572471618652,0.000533216008127974
2658,1211.7823553085327,1.7420687675476074,0.0005329216923636272
2659,1212.2299041748047,1.7438842058181763,0.0005326273839150848
2660,1212.6744639873505,1.8643959760665894,0.0005323330829084192
2661,1213.1218285560608,1.7603602409362793,0.0005320387894696997
2662,1213.5696268081665,1.763015627861023,0.000531744503724992
2663,1214.013025045395,1.6989891529083252,0.0005314502258003591
2664,1214.4621036052704,1.649540901184082,0.0005311559558218603
2665,1214.9081563949585,1.732696294784546,0.0005308616939155511
2666,1215.3590502738953,1.8743643760681152,0.0005305674402074843
2667,1215.812445640564,1.8140156269073486,0.000530273194823709
2668,1216.2602388858795,1.709519386291504,0.0005299789578902701
2669,1216.7075698375702,1.7557640075683594,0.0005296847295332096
2670,1217.1541011333466,1.8555066585540771,0.0005293905098785657
2671,1217.600308418274,1.7350645065307617,0.0005290962990523726
2672,1218.0448055267334,1.838152289390564,0.0005288020971806609
2673,1218.4896938800812,1.8638818264007568,0.0005285079043894572
2674,1218.932911157608,1.758176326751709,0.0005282137208047847
2675,1219.3793120384216,1.7999906539916992,0.0005279195465526619
2676,1219.826008796692,1.739911437034607,0.000527625381759104
2677,1220.274948835373,1.886918067932129,0.0005273312265501219
2678,1220.719276189804,1.7795398235321045,0.0005270370810517218
2679,1221.168155670166,1.8948640823364258,0.0005267429453899068
2680,1221.6126375198364,1.8367538452148438,0.0005264488196906753
2681,1222.06188082695,1.7226024866104126,0.0005261547040800212
2682,1222.507731437683,1.858842372894287,0.0005258605986839343
2683,1222.9511678218842,1.926605224609375,0.0005255665036284
2684,1223.3984825611115,1.7266569137573242,0.0005252724190393996
2685,1223.8461046218872,1.8015697002410889,0.000524978345042909
2686,1224.2934300899506,1.9085386991500854,0.0005246842817649006
2687,1224.7382125854492,1.956019639968872,0.0005243902293313417
2688,1225.187153339386,1.882353663444519,0.0005240961878681948
2689,1225.635360956192,1.7792372703552246,0.0005238021575014181
2690,1226.0817215442657,1.8875339031219482,0.0005235081383569649
2691,1226.5271401405334,1.7662675380706787,0.0005232141305607838
2692,1226.97158908844,1.7685582637786865,0.0005229201342388179
2693,1227.4128503799438,1.7543106079101562,0.0005226261495170064
2694,1227.8614072799683,1.8532743453979492,0.0005223321765212829
2695,1228.3115248680115,1.7465369701385498,0.0005220382153775759
2696,1228.7636618614197,1.7911396026611328,0.000521744266211809
2697,1229.2159559726715,1.8304035663604736,0.0005214503291499009
2698,1229.6673030853271,1.8387343883514404,0.0005211564043177649
2699,1230.1171708106995,1.7576045989990234,0.0005208624918413089
2700,1230.5623915195465,1.773429036140442,0.0005205685918464356
2701,1231.0048649311066,1.824325442314148,0.0005202747044590428
2702,1231.4500260353088,1.8763749599456787,0.0005199808298050221
2703,1231.8953502178192,1.8518425226211548,0.0005196869680102603
2704,1232.339506149292,1.7956926822662354,0.0005193931192006384
2705,1232.7874717712402,1.7712525129318237,0.0005190992835020318
2706,1233.2428481578827,1.7318971157073975,0.0005188054610403105
2707,1233.6921133995056,1.7076265811920166,0.0005185116519413387
2708,1234.1350376605988,1.9358259439468384,0.0005182178563309751
2709,1234.5806212425232,1.785151481628418,0.0005179240743350719
2710,1235.0217847824097,1.777452826499939,0.0005176303060794763
2711,1235.469954252243,1.8348815441131592,0.0005173365516900293
2712,1235.924513578415,1.7848613262176514,0.0005170428112925659
2713,1236.3710141181946,1.6800963878631592,0.0005167490850129149
2714,1236.8192207813263,1.7874996662139893,0.0005164553729768997
2715,1237.2683818340302,1.809116005897522,0.0005161616753103371
2716,1237.7120923995972,1.8100130558013916,0.0005158679921390377
2717,1238.1621708869934,1.7200324535369873,0.0005155743235888061
2718,1238.60995221138,1.7415401935577393,0.0005152806697854409
2719,1239.0560278892517,1.7701860666275024,0.0005149870308547334
2720,1239.5047442913055,1.9488670825958252,0.0005146934069224699
2721,1239.9568576812744,1.7611639499664307,0.0005143997981144288
2722,1240.4031672477722,1.8037062883377075,0.0005141062045563837
2723,1240.8494873046875,1.8830208778381348,0.0005138126263740999
2724,1241.2988727092743,1.6346230506896973,0.0005135190636933375
2725,1241.745733499527,1.7678401470184326,0.0005132255166398495
2726,1242.190994977951,1.8045092821121216,0.0005129319853393815
2727,1242.6343722343445,1.8766815662384033,0.0005126384699176734
2728,1243.0840797424316,1.7982137203216553,0.0005123449705004581
2729,1243.5284028053284,1.7426905632019043,0.0005120514872134611
2730,1243.9770917892456,1.805053472518921,0.0005117580201824013
2731,1244.426043510437,1.8490022420883179,0.0005114645695329907
2732,1244.869356393814,1.7805566787719727,0.0005111711353909345
2733,1245.3129298686981,1.745192050933838,0.0005108777178819303
2734,1245.7586052417755,1.8485400676727295,0.0005105843171316688
2735,1246.199359178543,1.796497106552124,0.0005102909332658338
2736,1246.6502332687378,1.697312593460083,0.0005099975664101013
2737,1247.0991642475128,1.7215495109558105,0.0005097042166901407
2738,1247.5451638698578,1.683211088180542,0.0005094108842316133
2739,1247.9891896247864,1.7632418870925903,0.000509117569160174
2740,1248.438404083252,1.8268003463745117,0.0005088242716014689
2741,1248.8872048854828,1.748063087463379,0.000508530991681138
2742,1249.3426642417908,1.841165542602539,0.0005082377295248129
2743,1249.7912862300873,1.7597055435180664,0.0005079444852581174
2744,1250.236675977707,1.8030835390090942,0.0005076512590066686
2745,1250.6846716403961,1.8296889066696167,0.0005073580508960751
2746,1251.1338186264038,1.7658874988555908,0.0005070648610519379
2747,1251.5812239646912,1.9339780807495117,0.00050677168959985
2748,1252.0296785831451,1.702319860458374,0.0005064785366653971
2749,1252.4742114543915,1.7509738206863403,0.0005061854023741567
2750,1252.9205355644226,1.8899283409118652,0.0005058922868516978
2751,1253.3659310340881,1.8093442916870117,0.0005055991902235819
2752,1253.8145508766174,1.7098619937896729,0.0005053061126153625
2753,1254.2618625164032,1.753293752670288,0.0005050130541525846
2754,1254.7082958221436,1.8255953788757324,0.0005047200149607848
2755,1255.1548969745636,1.742358684539795,0.0005044269951654924
2756,1255.599080324173,1.881384253501892,0.0005041339948922276
2757,1256.0441501140594,1.7198781967163086,0.000503841014266502
2758,1256.4889543056488,1.8824238777160645,0.0005035480534138195
2759,1256.931925535202,1.7517576217651367,0.0005032551124596754
2760,1257.3776049613953,1.758268117904663,0.000502962191529556
2761,1257.8222126960754,1.754051923751831,0.0005026692907489393
2762,1258.2734231948853,1.8077588081359863,0.0005023764102432951
2763,1258.72026181221,1.7424272298812866,0.0005020835501380835
2764,1259.1727261543274,1.84724760055542,0.0005017907105587569
2765,1259.6178970336914,1.833287239074707,0.0005014978916307583
2766,1260.0635874271393,1.7163212299346924,0.0005012050934795222
2767,1260.508163690567,1.7775615453720093,0.0005009123162304737
2768,1260.95210647583,1.838775634765625,0.0005006195600090296
2769,1261.3997032642365,1.746802806854248,0.0005003268249405974
2770,1261.8460500240326,1.8226898908615112,0.0005000341111505751
2771,1262.296185016632,1.784677267074585,0.0004997414187643522
2772,1262.7443673610687,1.919952630996704,0.000499448747907309
2773,1263.1920323371887,1.8334541320800781,0.0004991560987048163
2774,1263.6418974399567,1.732759952545166,0.0004988634712822356
2775,1264.0895955562592,1.7853498458862305,0.0004985708657649191
2776,1264.5390384197235,1.7687950134277344,0.0004982782822782101
2777,1264.9863109588623,1.7301955223083496,0.0004979857209474418
2778,1265.4293749332428,1.7618589401245117,0.000497693181897938
2779,1265.8758671283722,1.8435399532318115,0.0004974006652550137
2780,1266.3204944133759,1.7111643552780151,0.0004971081711439731
2781,1266.7663214206696,1.7844631671905518,0.0004968156996901118
2782,1267.2178483009338,1.6625834703445435,0.000496523251018715
2783,1267.6670534610748,1.8025023937225342,0.0004962308252550589
2784,1268.114609003067,1.7868733406066895,0.0004959384225244088
2785,1268.5606124401093,1.7459540367126465,0.0004956460429520211
2786,1269.0070700645447,1.5989177227020264,0.0004953536866631421
2787,1269.458907842636,1.7851306200027466,0.0004950613537830073
2788,1269.903960466385,1.8071894645690918,0.0004947690444368432
2789,1270.354154586792,1.6978585720062256,0.0004944767587498662
2790,1270.798564195633,1.788312554359436,0.0004941844968472817
2791,1271.2421588897705,1.8396275043487549,0.0004938922588542855
2792,1271.6846084594727,1.864064335823059,0.0004936000448960631
2793,1272.1340553760529,1.6720607280731201,0.0004933078550977898
2794,1272.5784249305725,1.6244455575942993,0.0004930156895846304
2795,1273.0250496864319,1.7276694774627686,0.0004927235484817391
2796,1273.4717564582825,1.9367233514785767,0.00049243143191426
2797,1273.9174098968506,1.8176276683807373,0.0004921393400073268
2798,1274.362289905548,1.9260039329528809,0.0004918472728860622
2799,1274.80939412117,1.8465718030929565,0.0004915552306755781
2800,1275.2535090446472,1.7671102285385132,0.0004912632135009769
2801,1275.6974604129791,1.7774615287780762,0.0004909712214873487
2802,1276.154513835907,1.8440903425216675,0.0004906792547597742
2803,1276.598048210144,1.9305715560913086,0.0004903873134433223
2804,1277.043259859085,1.8235054016113281,0.0004900953976630515
2805,1277.489134311676,1.8631808757781982,0.0004898035075440092
2806,1277.9376029968262,1.8410983085632324,0.000489511643211232
2807,1278.3783705234528,1.7360410690307617,0.0004892198047897451
2808,1278.834777355194,1.740114450454712,0.000488927992404563
2809,1279.2841823101044,1.8366011381149292,0.0004886362061806887
2810,1279.7287919521332,1.7302769422531128,0.0004883444462431144
2811,1280.1724665164948,1.8996117115020752,0.0004880527127168205
2812,1280.6181590557098,1.8208600282669067,0.00048776100572677644
2813,1281.0678100585938,1.774237871170044,0.0004874693253979403
2814,1281.5151579380035,1.6232209205627441,0.00048717767185525875
2815,1281.9608812332153,1.7665019035339355,0.0004868860452236666
2816,1282.4082934856415,1.7357494831085205,0.0004865944456280878
2817,1282.8574237823486,1.7646028995513916,0.0004863028731934342
2818,1283.3044180870056,1.7578747272491455,0.00048601132804460597
2819,1283.7488615512848,1.7322437763214111,0.000485719810306492
2820,1284.1918568611145,1.7766304016113281,0.00048542832010396936
2821,1284.636566400528,1.6909711360931396,0.00048513685756190294
2822,1285.0849862098694,1.8368397951126099,0.000484845422805146
2823,1285.5301637649536,1.7154219150543213,0.0004845540159585401
2824,1285.977876663208,1.7484813928604126,0.0004842626371469148
2825,1286.4243495464325,1.676353931427002,0.00048397128649508723
2826,1286.8717958927155,1.7108572721481323,0.0004836799641278628
2827,1287.319097995758,1.834143877029419,0.00048338867017003504
2828,1287.765991449356,1.778273582458496,0.00048309740474638467
2829,1288.215077638626,1.8321001529693604,0.00048280616798168077
2830,1288.6695919036865,1.7759383916854858,0.00048251496000067967
2831,1289.116277217865,1.7496925592422485,0.0004822237809281261
2832,1289.563372850418,1.7645013332366943,0.00048193263088875136
2833,1290.008799314499,1.8272814750671387,0.00048164151000727523
2834,1290.4537060260773,1.7112817764282227,0.0004813504184084046
2835,1290.8978509902954,1.8696637153625488,0.0004810593562168337
2836,1291.3442695140839,1.752292513847351,0.00048076832355724444
2837,1291.7866277694702,1.734675407409668,0.0004804773205543061
2838,1292.234961271286,1.692497730255127,0.00048018634733267495
2839,1292.6813809871674,1.7838096618652344,0.0004798954040169946
2840,1293.1257128715515,1.697125792503357,0.000479604490731896
2841,1293.571902513504,1.799546241760254,0.00047931360760199745
2842,1294.0140817165375,1.87665593624115,0.0004790227547519036
2843,1294.4599599838257,1.7760212421417236,0.00047873193230620677
2844,1294.9047284126282,1.6954525709152222,0.0004784411403894862
2845,1295.357871055603,1.7282905578613281,0.00047815037912630755
2846,1295.8035600185394,1.8666541576385498,0.00047785964864122403
2847,1296.2502174377441,1.781264066696167,0.0004775689490587751
2848,1296.6962604522705,1.695847511291504,0.0004772782805034875
2849,1297.1437592506409,1.8180692195892334,0.00047698764309987414
2850,1297.5922055244446,1.7735531330108643,0.0004766970369724351
2851,1298.0411250591278,1.8659248352050781,0.00047640646224565665
2852,1298.4840805530548,1.867398977279663,0.00047611591904401173
2853,1298.9356670379639,1.8473056554794312,0.00047582540749195986
2854,1299.38046169281,1.7393128871917725,0.0004755349277139471
2855,1299.8296394348145,1.7581379413604736,0.0004752444798344056
2856,1300.2735023498535,1.7479090690612793,0.000474954063977754
2857,1300.717829465866,1.798795223236084,0.00047466368026839723
2858,1301.1698563098907,1.8086628913879395,0.0004743733288307267
2859,1301.6147451400757,1.7944046258926392,0.0004740830097891195
2860,1302.059071779251,1.8265244960784912,0.00047379272326793893
2861,1302.5030856132507,1.82109534740448,0.0004735024693915349
2862,1302.9461691379547,1.8428162336349487,0.0004732122482842426
2863,1303.3906440734863,1.691929578781128,0.0004729220600703838
2864,1303.8382487297058,1.7498817443847656,0.00047263190487426563
2865,1304.2861394882202,1.7947473526000977,0.0004723417828201818
2866,1304.7297213077545,1.8479199409484863,0.00047205169403241083
2867,1305.1802208423615,1.7296977043151855,0.000471761638635218
2868,1305.627180814743,1.8592345714569092,0.00047147161675285365
2869,1306.071943283081,1.7919840812683105,0.0004711816285095539
2870,1306.5263633728027,1.8400537967681885,0.00047089167402954044
2871,1306.9789299964905,1.7858333587646484,0.0004706017534370208
2872,1307.4265766143799,1.7491271495819092,0.00047031186685618753
2873,1307.870465517044,1.7091701030731201,0.0004700220144112189
2874,1308.3176729679108,1.7461293935775757,0.0004697321962262785
2875,1308.7624073028564,1.8493926525115967,0.0004694424124255153
2876,1309.2066848278046,1.7271382808685303,0.0004691526631330633
2877,1309.6515619754791,1.80850350856781,0.0004688629484730421
2878,1310.0962781906128,1.7966530323028564,0.0004685732685695562
2879,1310.5397057533264,1.82948899269104,0.0004682836235466951
2880,1310.985637664795,1.8030273914337158,0.0004679940135285336
2881,1311.4316062927246,1.895919919013977,0.0004677044386391316
2882,1311.8783633708954,1.726259469985962,0.00046741489900253375
2883,1312.3237829208374,1.7803616523742676,0.00046712539474276927
2884,1312.7699115276337,1.7159972190856934,0.00046683592598385293
2885,1313.2137370109558,1.9197618961334229,0.0004665464928497841
2886,1313.664986371994,1.7056541442871094,0.0004662570954645464
2887,1314.1105244159698,1.9165146350860596,0.00046596773395210853
2888,1314.5608785152435,1.6937497854232788,0.0004656784084364238
2889,1315.01349401474,1.7643482685089111,0.00046538911904143033
2890,1315.4586064815521,1.778867483139038,0.00046509986589105017
2891,1315.9084272384644,1.746645212173462,0.0004648106491091902
2892,1316.356440782547,1.7683656215667725,0.00046452146881974195
2893,1316.8072917461395,1.7243188619613647,0.0004642323251465808
2894,1317.2547316551208,1.7374953031539917,0.00046394321821356687
2895,1317.7015767097473,1.8183969259262085,0.0004636541481445445
2896,1318.147208929062,1.8133819103240967,0.0004633651150633417
2897,1318.590138912201,1.9106471538543701,0.00046307611909377134
2898,1319.033285856247,1.7621617317199707,0.00046278716035963024
2899,1319.4815316200256,1.6669120788574219,0.00046249823898469904
2900,1319.925746679306,1.8348400592803955,0.0004622093550927423
2901,1320.3722083568573,1.740362524986267,0.0004619205088075088
2902,1320.8146860599518,1.7213339805603027,0.0004616317002527314
2903,1321.2672169208527,1.709993600845337,0.00046134292955212614
2904,1321.7117733955383,1.702995777130127,0.0004610541968293932
2905,1322.161339521408,1.7784504890441895,0.00046076550220821666
2906,1322.6060984134674,1.8035801649093628,0.00046047684581226433
2907,1323.0491969585419,1.728392481803894,0.00046018822776518713
2908,1323.5052697658539,1.750038743019104,0.0004598996481906199
2909,1323.9490084648132,1.7195627689361572,0.0004596111072121811
2910,1324.3998906612396,1.7171621322631836,0.00045932260495347226
2911,1324.8489334583282,1.8089619874954224,0.00045903414153807893
2912,1325.3012354373932,1.7801902294158936,0.0004587457170895695
2913,1325.746520280838,1.6052788496017456,0.0004584573317314957
2914,1326.1933381557465,1.7051379680633545,0.0004581689855873928
2915,1326.6366293430328,1.7928674221038818,0.00045788067878077917
2916,1327.0853295326233,1.778317928314209,0.00045759241143515634
2917,1327.5299155712128,1.7543025016784668,0.00045730418367400863
2918,1327.9723408222198,1.630884051322937,0.00045701599562080375
2919,1328.418906211853,1.764573335647583,0.00045672784739899264
2920,1328.862518787384,1.954934000968933,0.00045643973913200836
2921,1329.309692621231,1.6399277448654175,0.0004561516709432675
2922,1329.7533617019653,1.8479293584823608,0.0004558636429561694
2923,1330.1994967460632,1.7343785762786865,0.0004555756552940962
2924,1330.6503517627716,1.8854608535766602,0.0004552877080804125
2925,1331.093673467636,1.6880099773406982,0.00045499980143846565
2926,1331.539882183075,1.7619432210922241,0.000454711935491586
2927,1331.9885094165802,1.7507961988449097,0.0004544241103630858
2928,1332.4316048622131,1.7570797204971313,0.00045413632617626054
2929,1332.8784589767456,1.7840852737426758,0.00045384858305438767
2930,1333.326412677765,1.7516752481460571,0.0004535608811207272
2931,1333.7721364498138,1.787601351737976,0.00045327322049852143
2932,1334.2130637168884,1.775952696800232,0.0004529856013109952
2933,1334.6612439155579,1.758890151977539,0.00045269802368135535
2934,1335.110097169876,1.8242120742797852,0.000452410487732791
2935,1335.5571291446686,1.6043391227722168,0.0004521229935884733
2936,1336.00528049469,1.7932287454605103,0.00045183554137155597
2937,1336.446222782135,1.7407300472259521,0.00045154813120517386
2938,1336.889199256897,1.720632553100586,0.0004512607632124448
2939,1337.332025051117,1.6866260766983032,0.00045097343751646785
2940,1337.779194355011,1.785354495048523,0.00045068615424032456
2941,1338.2251012325287,1.7738368511199951,0.00045039891350707746
2942,1338.6736948490143,1.8228626251220703,0.00045011171543977177
2943,1339.1197147369385,1.7281564474105835,0.00044982456016143393
2944,1339.5656774044037,1.8379991054534912,0.0004495374477950719
2945,1340.016137123108,1.9427274465560913,0.00044925037846367565
2946,1340.4642102718353,1.8053942918777466,0.00044896335229021667
2947,1340.9107599258423,1.7749156951904297,0.0004486763693976479
2948,1341.3543634414673,1.8184109926223755,0.00044838942990890334
2949,1341.7989485263824,1.674332857131958,0.000448102533946899
2950,1342.2464079856873,1.7645230293273926,0.0004478156816345321
2951,1342.6947610378265,1.6834994554519653,0.00044752887309468085
2952,1343.1389920711517,1.7530661821365356,0.00044724210845020486
2953,1343.5852303504944,1.7324488162994385,0.0004469553878239454
2954,1344.0297622680664,1.702150583267212,0.0004466687113387239
2955,1344.4786183834076,1.8007158041000366,0.00044638207911734397
2956,1344.926466703415,1.7060270309448242,0.00044609549128258935
2957,1345.3725001811981,1.742682933807373,0.00044580894795722564
2958,1345.8172464370728,1.843906044960022,0.00044552244926399835
2959,1346.262751340866,1.7906948328018188,0.0004452359953256348
2960,1346.7040779590607,1.6726617813110352,0.0004449495862648427
2961,1347.1577594280243,1.7385408878326416,0.00044466322220431027
2962,1347.6032710075378,1.6632411479949951,0.0004443769032667072
2963,1348.0535280704498,1.7142231464385986,0.00044409062957468325
2964,1348.5024938583374,1.6465542316436768,0.0004438044012508691
2965,1348.950618982315,1.7031326293945312,0.00044351821841787553
2966,1349.4038860797882,1.7679924964904785,0.00044323208119829445
2967,1349.849267244339,1.8869068622589111,0.0004429459897146981
2968,1350.2992770671844,1.7736835479736328,0.0004426599440896387
2969,1350.7441527843475,1.7270309925079346,0.000442373944445649
2970,1351.1929533481598,1.7675280570983887,0.00044208799090524265
2971,1351.6411352157593,1.8971723318099976,0.0004418020835909126
2972,1352.0887932777405,1.7927982807159424,0.00044151622262513266
2973,1352.529823064804,1.7944798469543457,0.00044123040813035647
2974,1352.97416305542,1.8929517269134521,0.00044094464022901816
2975,1353.4168419837952,1.829630970954895,0.00044065891904353124
2976,1353.8657002449036,1.6881115436553955,0.00044037324469628985
2977,1354.313479423523,1.8030626773834229,0.0004400876173096679
2978,1354.761204957962,1.7833375930786133,0.0004398020370060186
2979,1355.2028906345367,1.762210726737976,0.00043951650390767593
2980,1355.6457433700562,1.7325453758239746,0.00043923101813695314
2981,1356.0908830165863,1.6738471984863281,0.0004389455798161433
2982,1356.536343574524,1.6942517757415771,0.00043866018906751875
2983,1356.981143951416,1.6463098526000977,0.00043837484601333204
2984,1357.427080631256,1.649761438369751,0.0004380895507758154
2985,1357.871896982193,1.7440919876098633,0.0004378043034771798
2986,1358.3208453655243,1.8290438652038574,0.00043751910423961627
2987,1358.768107175827,1.822158694267273,0.0004372339531852952
2988,1359.2110917568207,1.8108325004577637,0.000436948850436366
2989,1359.663328886032,1.7165608406066895,0.0004366637961149579
2990,1360.1095054149628,1.7708669900894165,0.0004363787903431789
2991,1360.5554928779602,1.7182049751281738,0.0004360938332431167
2992,1361.002142906189,1.843455195426941,0.00043580892493683745
2993,1361.4492735862732,1.8127317428588867,0.0004355240655463872
2994,1361.8942801952362,1.7730132341384888,0.0004352392551937905
2995,1362.3454291820526,1.790787696838379,0.00043495449400105104
2996,1362.788134098053,1.8513460159301758,0.0004346697820901515
2997,1363.2333562374115,1.844910740852356,0.00043438511958305344
2998,1363.6782095432281,1.7113243341445923,0.00043410050660169726
2999,1364.123637676239,1.6863771677017212,0.000433815943268002
3000,1364.569750070572,1.9219199419021606,0.0004335314297038656
3001,1368.2880537509918,1.9657546281814575,0.00043324696603116487
3002,1368.736428976059,1.7862944602966309,0.0004329625523717545
3003,1369.183930158615,1.806759238243103,0.00043267818884746873
3004,1369.6299321651459,1.7486348152160645,0.0004323938755801198
3005,1370.0744531154633,1.7705074548721313,0.0004321096126914982
3006,1370.5174686908722,1.8006477355957031,0.00043182540030337323
3007,1370.965719461441,1.7200100421905518,0.0004315412385374927
3008,1371.4159605503082,1.8107664585113525,0.0004312571275155823
3009,1371.867092847824,1.8283103704452515,0.000430973067359346
3010,1372.3140885829926,1.777882695198059,0.00043068905819046633
3011,1372.7644345760345,1.6965266466140747,0.000430405100130604
3012,1373.2105436325073,1.7576757669448853,0.0004301211933013972
3013,1373.6591424942017,1.709899663925171,0.00042983733782446276
3014,1374.106172323227,1.7099428176879883,0.00042955353382139534
3015,1374.5570702552795,1.7079169750213623,0.0004292697814137679
3016,1375.0115258693695,1.8709352016448975,0.00042898608072313045
3017,1375.4611277580261,1.8207612037658691,0.00042870243187101154
3018,1375.9029121398926,1.7588474750518799,0.0004284188349789175
3019,1376.3468866348267,1.800628662109375,0.0004281352901683319
3020,1376.7896778583527,1.6699695587158203,0.0004278517975607166
3021,1377.2348392009735,1.7719933986663818,0.00042756835727751066
3022,1377.6857163906097,1.635730504989624,0.00042728496944013114
3023,1378.1342647075653,1.8963011503219604,0.000427001634169972
3024,1378.5805261135101,1.8051248788833618,0.0004267183515884054
3025,1379.0277721881866,1.7025315761566162,0.00042643512181678053
3026,1379.472158908844,1.8437602519989014,0.0004261519449764238
3027,1379.9172141551971,1.7587405443191528,0.0004258688211886394
3028,1380.365581035614,1.6743664741516113,0.0004255857505747087
3029,1380.8164381980896,1.689225435256958,0.00042530273325588983
3030,1381.2606184482574,1.8037843704223633,0.00042501976935341854
3031,1381.7150423526764,1.8309595584869385,0.00042473685898850754
3032,1382.1634855270386,1.7514021396636963,0.00042445400228234684
3033,1382.6089918613434,1.669877052307129,0.0004241711993561031
3034,1383.0520260334015,1.8686751127243042,0.00042388845033092005
3035,1383.4981372356415,1.717479944229126,0.00042360575532791867
3036,1383.9469454288483,1.7588953971862793,0.00042332311446819607
3037,1384.3889033794403,1.8141446113586426,0.000423040527872827
3038,1384.8387365341187,1.812729001045227,0.0004227579956628624
3039,1385.284287929535,1.861825942993164,0.0004224755179593303
3040,1385.731793642044,1.6663247346878052,0.0004221930948832348
3041,1386.1806650161743,1.9371168613433838,0.00042191072655555726
3042,1386.6226108074188,1.8971940279006958,0.0004216284130972554
3043,1387.0676460266113,1.7575647830963135,0.00042134615462926297
3044,1387.5094637870789,1.6881814002990723,0.0004210639512724907
3045,1387.9545783996582,1.8807473182678223,0.0004207818031478258
3046,1388.3980853557587,1.7238457202911377,0.00042049971037613125
3047,1388.8416562080383,1.7766177654266357,0.00042021767307824653
3048,1389.2911386489868,1.7085318565368652,0.00041993569137498767
3049,1389.7362189292908,1.7643852233886719,0.0004196537653871469
3050,1390.1812269687653,1.7076141834259033,0.000419371895235492
3051,1390.6275634765625,1.6919039487838745,0.0004190900810407672
3052,1391.0740702152252,1.8569464683532715,0.000418808322923693
3053,1391.5198209285736,1.681162714958191,0.0004185266210049653
3054,1391.9655294418335,1.8160440921783447,0.0004182449754052564
3055,1392.4204938411713,1.785282850265503,0.00041796338624521445
3056,1392.8624513149261,1.8403762578964233,0.0004176818536454633
3057,1393.3088600635529,1.7900075912475586,0.0004174003777266023
3058,1393.7518990039825,1.7794969081878662,0.0004171189586092069
3059,1394.1996097564697,1.666872501373291,0.0004168375964138284
3060,1394.641358613968,1.7960354089736938,0.0004165562912609931
3061,1395.086919784546,1.7315274477005005,0.00041627504327120327
3062,1395.5328905582428,1.7613282203674316,0.0004159938525649367
3063,1395.9768056869507,1.7678358554840088,0.0004157127192626464
3064,1396.4272339344025,1.6462006568908691,0.00041543164348476104
3065,1396.8728575706482,1.7817058563232422,0.0004151506253516845
3066,1397.3189997673035,1.7464956045150757,0.0004148696649837962
3067,1397.7632794380188,1.6632012128829956,0.00041458876250145035
3068,1398.2088561058044,1.7690902948379517,0.00041430791802497694
3069,1398.6576075553894,1.7435435056686401,0.00041402713167468073
3070,1399.105497598648,1.7905707359313965,0.0004137464035708415
3071,1399.5501203536987,1.8561861515045166,0.0004134657338337143
3072,1399.9989767074585,1.7205877304077148,0.0004131851225835293
3073,1400.440612077713,1.6495074033737183,0.0004129045699404915
3074,1400.888843536377,1.8327888250350952,0.0004126240760247804
3075,1401.3335101604462,1.7081763744354248,0.0004123436409565509
3076,1401.7775444984436,1.9012300968170166,0.0004120632648559326
3077,1402.2287669181824,1.8667588233947754,0.0004117829478430294
3078,1402.6747283935547,1.799304723739624,0.0004115026900379203
3079,1403.1254110336304,1.8779296875,0.0004112224915606592
3080,1403.5725440979004,1.782700777053833,0.0004109423525312737
3081,1404.0173749923706,1.7193264961242676,0.00041066227306976673
3082,1404.458126783371,1.927789568901062,0.00041038225329611535
3083,1404.9077134132385,1.7949633598327637,0.00041010229333027134
3084,1405.353831768036,1.7004474401474,0.00040982239329216035
3085,1405.8032670021057,1.7309536933898926,0.00040954255330168284
3086,1406.2462332248688,1.7547023296356201,0.0004092627734787135
3087,1406.69496011734,1.8002283573150635,0.0004089830539431007
3088,1407.1412558555603,1.7762047052383423,0.00040870339481466773
3089,1407.5913157463074,1.7333284616470337,0.0004084237962132117
3090,1408.0405592918396,1.7527116537094116,0.00040814425825850376
3091,1408.4853701591492,1.7384672164916992,0.0004078647810702888
3092,1408.9301044940948,1.8149876594543457,0.00040758536476828624
3093,1409.3731727600098,1.7132903337478638,0.00040730600947218917
3094,1409.8186852931976,1.664673089981079,0.00040702671530166437
3095,1410.267585515976,1.7900140285491943,0.0004067474823763526
3096,1410.717441558838,1.8322588205337524,0.0004064683108158685
3097,1411.1670475006104,1.6663970947265625,0.00040618920073980027
3098,1411.609566450119,1.778403401374817,0.0004059101522677097
3099,1412.053959608078,1.8504297733306885,0.00040563116551913236
3100,1412.5024073123932,1.7197933197021484,0.0004053522406135774
3101,1412.948026895523,1.707172155380249,0.00040507337767052706
3102,1413.39315533638,1.7095322608947754,0.00040479457680943777
3103,1413.8350338935852,1.7044755220413208,0.0004045158381497387
3104,1414.285225868225,1.7027716636657715,0.00040423716181083285
3105,1414.7375988960266,1.8615672588348389,0.00040395854791209595
3106,1415.1853330135345,1.7342475652694702,0.00040367999657287776
3107,1415.6302320957184,1.6344324350357056,0.00040340150791250064
3108,1416.0749280452728,1.7870104312896729,0.0004031230820502602
3109,1416.529333114624,1.9528765678405762,0.0004028447191054253
3110,1416.9721076488495,1.7970223426818848,0.00040256641919723794
3111,1417.4172117710114,1.8164199590682983,0.0004022881824449127
3112,1417.8661913871765,1.726257562637329,0.0004020100089676375
3113,1418.3099391460419,1.7536089420318604,0.000401731898884573
3114,1418.7629144191742,1.8075157403945923,0.00040145385231485283
3115,1419.2058959007263,1.7097923755645752,0.0004011758693775831
3116,1419.6491372585297,1.797361135482788,0.000400897950191843
3117,1420.092491865158,1.6721203327178955,0.0004006200948766844
3118,1420.5410120487213,1.767451524734497,0.00040034230355113137
3119,1420.9879870414734,1.756630301475525,0.000400064576334181
3120,1421.4315843582153,1.8703032732009888,0.0003997869133448031
3121,1421.8764147758484,1.7889838218688965,0.0003995093147019394
3122,1422.325941324234,1.7356926202774048,0.0003992317805245042
3123,1422.775302886963,1.7399578094482422,0.0003989543109313846
3124,1423.2200310230255,1.851945161819458,0.00039867690604143983
3125,1423.6728913784027,1.7786991596221924,0.000398399565973501
3126,1424.1162450313568,1.7045173645019531,0.00039812229084637194
3127,1424.5627505779266,1.778324842453003,0.0003978450807788287
3128,1425.0076529979706,1.772445559501648,0.0003975679358896189
3129,1425.4548861980438,1.7888445854187012,0.0003972908562974629
3130,1425.905100107193,1.7782883644104004,0.0003970138421210525
3131,1426.3505761623383,1.6435091495513916,0.00039673689347905226
3132,1426.794670343399,1.8151239156723022,0.0003964600104900976
3133,1427.240914106369,1.8365592956542969,0.00039618319327279684
3134,1427.6866738796234,1.7497144937515259,0.00039590644194572965
3135,1428.1356296539307,1.796663761138916,0.0003956297566274471
3136,1428.5837092399597,1.7477407455444336,0.0003953531374364728
3137,1429.0303297042847,1.8451343774795532,0.0003950765844913015
3138,1429.4796261787415,1.7479063272476196,0.0003948000979103997
3139,1429.9243133068085,1.7323106527328491,0.00039452367781220527
3140,1430.3701791763306,1.6923762559890747,0.00039424732431512805
3141,1430.8145365715027,1.797092080116272,0.00039397103753754925
3142,1431.2624640464783,1.7985637187957764,0.00039369481759782103
3143,1431.709092617035,1.7606903314590454,0.0003934186646142672
3144,1432.156455039978,1.8576713800430298,0.00039314257870518325
3145,1432.6041326522827,1.7979400157928467,0.00039286655998883527
3146,1433.0480728149414,1.6812317371368408,0.0003925906085834611
3147,1433.5000116825104,1.687342643737793,0.0003923147246072695
3148,1433.943487405777,1.7260841131210327,0.00039203890817844053
3149,1434.386393070221,1.846670150756836,0.0003917631594151249
3150,1434.831253528595,1.7061532735824585,0.0003914874784354449
3151,1435.2882766723633,1.6948010921478271,0.00039121186535749354
3152,1435.7333343029022,1.9074212312698364,0.00039093632029933435
3153,1436.1846055984497,1.6836707592010498,0.00039066084337900225
3154,1436.6302783489227,1.6878526210784912,0.0003903854347145031
3155,1437.0726308822632,1.7049137353897095,0.00039011009442381283
3156,1437.5173659324646,1.7488535642623901,0.0003898348226248785
3157,1437.9618785381317,1.645324468612671,0.00038955961943561797
3158,1438.4058389663696,1.8726534843444824,0.0003892844849739197
3159,1438.8492662906647,1.6409428119659424,0.00038900941935764215
3160,1439.3011364936829,1.6834992170333862,0.00038873442270461486
3161,1439.7454977035522,1.7529652118682861,0.0003884594951326378
3162,1440.1895401477814,1.7753233909606934,0.000388184636759481
3163,1440.6332998275757,1.7934865951538086,0.00038790984770288524
3164,1441.082534313202,1.7633123397827148,0.00038763512808056113
3165,1441.5363218784332,1.843233585357666,0.0003873604780101903
3166,1441.9870965480804,1.8092892169952393,0.00038708589760942365
3167,1442.4334573745728,1.6941337585449219,0.0003868113869958829
3168,1442.879944562912,1.7756849527359009,0.0003865369462871598
3169,1443.3288078308105,1.6641929149627686,0.0003862625756008158
3170,1443.7791521549225,1.9271835088729858,0.0003859882750543826
3171,1444.22709274292,1.8035856485366821,0.00038571404476536204
3172,1444.6754813194275,1.8437132835388184,0.00038543988485122556
3173,1445.1202838420868,1.7546937465667725,0.00038516579542941453
3174,1445.5651423931122,1.647454023361206,0.0003848917766173401
3175,1446.0272586345673,1.7554227113723755,0.00038461782853238346
3176,1446.4710955619812,1.7613118886947632,0.0003843439512918949
3177,1446.9215939044952,1.686345100402832,0.000384070145013195
3178,1447.375482082367,1.7885116338729858,0.00038379640981357375
3179,1447.824832201004,1.817619800567627,0.0003835227458102902
3180,1448.272112607956,1.70579993724823,0.0003832491531205737
3181,1448.7162551879883,1.7599680423736572,0.0003829756318616225
3182,1449.1661128997803,1.7912967205047607,0.0003827021821506046
3183,1449.6213383674622,1.6741034984588623,0.00038242880410465686
3184,1450.0646142959595,1.6909446716308594,0.00038215549784088594
3185,1450.5114254951477,1.7174221277236938,0.0003818822634763677
3186,1450.9594264030457,1.8297104835510254,0.0003816091011281468
3187,1451.408852815628,1.791822910308838,0.0003813360109132373
3188,1451.8543622493744,1.7612900733947754,0.0003810629929486225
3189,1452.3062670230865,1.7068549394607544,0.00038079004735125485
3190,1452.7526178359985,1.7637457847595215,0.00038051717423805517
3191,1453.197823524475,1.7713658809661865,0.00038024437372591373
3192,1453.643441915512,1.795935869216919,0.0003799716459316898
3193,1454.0874381065369,1.7642602920532227,0.0003796989909722111
3194,1454.5348908901215,1.7369345426559448,0.0003794264089642745
3195,1454.9782214164734,1.7094395160675049,0.0003791539000246454
3196,1455.4249594211578,1.5932904481887817,0.00037888146427005786
3197,1455.8725862503052,1.674966812133789,0.00037860910181721473
3198,1456.3188288211823,1.7180020809173584,0.00037833681278278764
3199,1456.7656383514404,1.7406764030456543,0.0003780645972834165
3200,1457.2131278514862,1.6816288232803345,0.0003777924554357096
3201,1457.66765499115,1.7429873943328857,0.000377520387356244
3202,1458.1100182533264,1.716005563735962,0.0003772483931615651
3203,1458.555418252945,1.6695382595062256,0.0003769764729681864
3204,1459.0049362182617,1.6035826206207275,0.00037670462689258987
3205,1459.4559676647186,1.7542089223861694,0.00037643285505122584
3206,1459.9048748016357,1.7224717140197754,0.00037616115756051283
3207,1460.3478465080261,1.8169769048690796,0.00037588953453683723
3208,1460.7938241958618,1.6522170305252075,0.00037561798609655366
3209,1461.2374756336212,1.7732512950897217,0.0003753465123559851
3210,1461.6944291591644,1.783266305923462,0.00037507511343142197
3211,1462.1447820663452,1.763650894165039,0.00037480378943912317
3212,1462.5939457416534,1.8027317523956299,0.0003745325404953154
3213,1463.0412995815277,1.744027018547058,0.00037426136671619265
3214,1463.4889125823975,1.7975146770477295,0.0003739902682179175
3215,1463.9386863708496,1.6688867807388306,0.0003737192451166198
3216,1464.3843417167664,1.840794324874878,0.00037344829752839745
3217,1464.8389797210693,1.6625330448150635,0.0003731774255693154
3218,1465.2852756977081,1.7757501602172852,0.0003729066293554068
3219,1465.730770111084,1.6763403415679932,0.0003726359090026724
3220,1466.178997039795,1.6605353355407715,0.0003723652646270798
3221,1466.624344587326,1.847989559173584,0.0003720946963445646
3222,1467.072247505188,1.7661514282226562,0.0003718242042710296
3223,1467.5178754329681,1.6681227684020996,0.00037155378852234524
3224,1467.9652788639069,1.7694129943847656,0.00037128344921434875
3225,1468.4172339439392,1.7968955039978027,0.000371013186462845
3226,1468.865873336792,1.640255093574524,0.00037074300038360616
3227,1469.310030221939,1.7330029010772705,0.000370472891092371
3228,1469.7560822963715,1.6217656135559082,0.00037020285870484603
3229,1470.2054533958435,1.6656086444854736,0.0003699329033367045
3230,1470.6540763378143,1.7706103324890137,0.00036966302510358664
3231,1471.1025085449219,1.6676690578460693,0.0003693932241210997
3232,1471.548568725586,1.763927698135376,0.00036912350050481794
3233,1471.9990842342377,1.8060719966888428,0.00036885385437028235
3234,1472.4515490531921,1.7708563804626465,0.0003685842858330008
3235,1472.8959937095642,1.7342240810394287,0.00036831479500844776
3236,1473.3389241695404,1.7151349782943726,0.0003680453820120648
3237,1473.7848823070526,1.6770961284637451,0.00036777604695925956
3238,1474.2289719581604,1.8391188383102417,0.00036750678996540687
3239,1474.676162481308,1.7520065307617188,0.0003672376111458477
3240,1475.1178851127625,1.7549774646759033,0.00036696851061588997
3241,1475.5634355545044,1.6441240310668945,0.0003666994884908074
3242,1476.0127947330475,1.7696022987365723,0.0003664305448858409
3243,1476.459515094757,1.760887622833252,0.0003661616799161972
3244,1476.9038758277893,1.9314541816711426,0.00036589289369704935
3245,1477.3486683368683,1.7244001626968384,0.00036562418634353706
3246,1477.7926478385925,1.7179014682769775,0.000365355557970766
3247,1478.2346620559692,1.7856969833374023,0.0003650870086938081
3248,1478.684770822525,1.8293976783752441,0.000364818538627701
3249,1479.1337366104126,1.7402374744415283,0.0003645501478874491
3250,1479.5803663730621,1.7543388605117798,0.00036428183658802237
3251,1480.0226826667786,1.7722303867340088,0.00036401360484435684
3252,1480.4740297794342,1.696817398071289,0.0003637454527713543
3253,1480.9229333400726,1.7566810846328735,0.0003634773804838829
3254,1481.3711807727814,1.9059643745422363,0.000363209388096776
3255,1481.8152437210083,1.6851403713226318,0.00036294147572483315
3256,1482.2641389369965,1.7767455577850342,0.00036267364348281953
3257,1482.7099440097809,1.761612057685852,0.0003624058914854658
3258,1483.154676914215,1.7097656726837158,0.00036213821984746876
3259,1483.596792936325,1.7212187051773071,0.00036187062868349
3260,1484.045496225357,1.724438190460205,0.0003616031181081575
3261,1484.4919905662537,1.6542644500732422,0.00036133568823606385
3262,1484.9399864673615,1.6941392421722412,0.0003610683391817677
3263,1485.3847587108612,1.6106475591659546,0.00036080107105979304
3264,1485.8277795314789,1.738441824913025,0.00036053388398462905
3265,1486.2743971347809,1.8384068012237549,0.00036026677807072984
3266,1486.7281551361084,1.8247383832931519,0.0003599997534325156
3267,1487.17254114151,1.708119511604309,0.0003597328101843709
3268,1487.615825176239,1.7745771408081055,0.0003594659484406456
3269,1488.064199924469,1.6925926208496094,0.00035919916831565486
3270,1488.509536743164,1.7679808139801025,0.0003589324699236792
3271,1488.9527308940887,1.7309279441833496,0.0003586658533789632
3272,1489.3967635631561,1.6393914222717285,0.0003583993187957173
3273,1489.8405356407166,1.7320506572723389,0.00035813286628811616
3274,1490.2998623847961,1.7370226383209229,0.0003578664959703
3275,1490.7437672615051,1.8219425678253174,0.00035760020795637317
3276,1491.1913087368011,1.7970082759857178,0.0003573340023604047
3277,1491.6367011070251,1.6463420391082764,0.0003570678792964291
3278,1492.0814566612244,1.7981616258621216,0.0003568018388784446
3279,1492.531545639038,1.812188744544983,0.0003565358812204146
3280,1492.9781260490417,1.7043581008911133,0.00035627000643626705
3281,1493.4218237400055,1.8407611846923828,0.00035600421463989444
3282,1493.864866733551,1.8200135231018066,0.000355738505945153
3283,1494.3186450004578,1.7640392780303955,0.0003554728804658644
3284,1494.7647562026978,1.8109338283538818,0.0003552073383158139
3285,1495.210149049759,1.6642136573791504,0.00035494187960875113
3286,1495.656910419464,1.7657594680786133,0.0003546765044583905
3287,1496.1004869937897,1.7146260738372803,0.00035441121297841025
3288,1496.5489521026611,1.7241250276565552,0.00035414600528245265
3289,1496.9932119846344,1.7625868320465088,0.00035388088148412435
3290,1497.4463963508606,1.7946313619613647,0.00035361584169699595
3291,1497.8923234939575,1.701890468597412,0.00035335088603460224
3292,1498.3359344005585,1.9682836532592773,0.0003530860146104417
3293,1498.7816364765167,1.8137941360473633,0.00035282122753797665
3294,1499.2277977466583,1.7718775272369385,0.00035255652493063375
3295,1499.6731216907501,1.7059016227722168,0.00035229190690180286
3296,1500.1196749210358,1.6537050008773804,0.00035202737356483817
3297,1500.5644402503967,1.7283282279968262,0.0003517629250330573
3298,1501.0109515190125,1.7955392599105835,0.0003514985614197417
3299,1501.4549498558044,1.7518413066864014,0.0003512342828381361
3300,1501.9008464813232,1.7624585628509521,0.0003509700894014495
3301,1502.3475215435028,1.7274115085601807,0.0003507059812228536
3302,1502.792629480362,1.7206473350524902,0.00035044195841548375
3303,1503.2380592823029,1.7328532934188843,0.00035017802109243935
3304,1503.6840283870697,1.625613808631897,0.00034991416936678275
3305,1504.149624824524,1.7329907417297363,0.00034965040335153936
3306,1504.5954587459564,1.7296607494354248,0.0003493867231596983
3307,1505.0503373146057,1.7553420066833496,0.00034912312890421186
3308,1505.4952130317688,1.7518516778945923,0.0003488596206979955
3309,1505.9457383155823,1.763744831085205,0.0003485961986539277
3310,1506.389978647232,1.724501132965088,0.00034833286288484986
3311,1506.8370962142944,1.710044264793396,0.00034806961350356707
3312,1507.283124923706,1.7659251689910889,0.0003478064506228466
3313,1507.730311870575,1.6977437734603882,0.00034754337435541924
3314,1508.174772977829,1.7063813209533691,0.00034728038481397853
3315,1508.6235427856445,1.6961116790771484,0.00034701748211118103
3316,1509.0688271522522,1.6887168884277344,0.0003467546663596454
3317,1509.5169847011566,1.7259697914123535,0.0003464919376719542
3318,1509.9698412418365,1.6900157928466797,0.00034622929616065143
3319,1510.414054632187,1.6698042154312134,0.00034596674193824485
3320,1510.8582081794739,1.8332725763320923,0.00034570427511720393
3321,1511.3037323951721,1.66670560836792,0.0003454418958099614
3322,1511.7531435489655,1.7216944694519043,0.00034517960412891235
3323,1512.1994695663452,1.702082633972168,0.00034491740018641377
3324,1512.648333787918,1.754990577697754,0.00034465528409478575
3325,1513.095279455185,1.745613694190979,0.00034439325596631067
3326,1513.543242931366,1.6796176433563232,0.00034413131591323276
3327,1513.993228673935,1.728569507598877,0.00034386946404775905
3328,1514.4401478767395,1.7975449562072754,0.00034360770048205843
3329,1514.8856568336487,1.7501792907714844,0.00034334602532826196
3330,1515.332952260971,1.6241427659988403,0.0003430844386984631
3331,1515.780068397522,1.7047219276428223,0.0003428229407047172
3332,1516.2286546230316,1.7176992893218994,0.000342561531459042
3333,1516.6813979148865,1.6541513204574585,0.0003423002110734165
3334,1517.1282768249512,1.648540735244751,0.00034203897965978214
3335,1517.5744705200195,1.8333603143692017,0.0003417778373300425
3336,1518.0216510295868,1.702155351638794,0.0003415167841960623
3337,1518.4690580368042,1.6421351432800293,0.0003412558203696684
3338,1518.9311673641205,1.7062121629714966,0.00034099494596264953
3339,1519.3786835670471,1.6789321899414062,0.00034073416108675616
3340,1519.82390666008,1.7945228815078735,0.00034047346585369985
3341,1520.2698850631714,1.7765029668807983,0.0003402128603751545
3342,1520.7171545028687,1.7786707878112793,0.0003399523447627551
3343,1521.1640512943268,1.706499695777893,0.00033969191912809816
3344,1521.612622976303,1.7870831489562988,0.00033943158358274204
3345,1522.0589227676392,1.7592811584472656,0.00033917133823820603
3346,1522.509819984436,1.7513762712478638,0.0003389111832059708
3347,1522.9551651477814,1.7375712394714355,0.0003386511185974786
3348,1523.4044480323792,1.7421925067901611,0.00033839114452413296
3349,1523.8469731807709,1.6273033618927002,0.0003381312610972986
3350,1524.2984178066254,1.6769369840621948,0.00033787146842830104
3351,1524.742593050003,1.6666353940963745,0.00033761176662842733
3352,1525.1921300888062,1.771798849105835,0.00033735215580892573
3353,1525.6365702152252,1.736983060836792,0.00033709263608100497
3354,1526.0845143795013,1.7360472679138184,0.000336833207555835
3355,1526.529631614685,1.782689094543457,0.0003365738703445468
3356,1526.9780869483948,1.8509986400604248,0.0003363146245582325
3357,1527.4278678894043,1.8758025169372559,0.00033605547030794437
3358,1527.869644165039,1.6792545318603516,0.000335796407704696
3359,1528.3318798542023,1.7156171798706055,0.00033553743685946176
3360,1528.7777922153473,1.7006683349609375,0.0003352785578831762
3361,1529.2214789390564,1.7965887784957886,0.0003350197708867352
3362,1529.6685018539429,1.760981798171997,0.0003347610759809947
3363,1530.1123387813568,1.7526341676712036,0.00033450247327677116
3364,1530.5621027946472,1.7551558017730713,0.0003342439628848421
3365,1531.0095949172974,1.807142972946167,0.00033398554491594496
3366,1531.4565045833588,1.783596158027649,0.0003337272194807781
3367,1531.9056560993195,1.7273838520050049,0.0003334689866899994
3368,1532.3486347198486,1.7544423341751099,0.0003332108466542281
3369,1532.7986121177673,1.6170105934143066,0.000332952799484043
3370,1533.2451078891754,1.7234625816345215,0.0003326948452899834
3371,1533.6929404735565,1.7393569946289062,0.0003324369841825483
3372,1534.1376976966858,1.8072221279144287,0.0003321792162721975
3373,1534.5820677280426,1.683455228805542,0.00033192154166935075
3374,1535.02787733078,1.8024452924728394,0.0003316639604843873
3375,1535.4736006259918,1.8300950527191162,0.00033140647282764695
3376,1535.9180719852448,1.722489833831787,0.0003311490788094293
3377,1536.3637235164642,1.6939795017242432,0.0003308917785399936
3378,1536.8066594600677,1.8188908100128174,0.00033063457212955934
3379,1537.2529423236847,1.705300211906433,0.0003303774596883052
3380,1537.6959626674652,1.7635880708694458,0.0003301204413263704
3381,1538.1456625461578,1.6578902006149292,0.00032986351715385306
3382,1538.5872201919556,1.7936346530914307,0.00032960668728081156
3383,1539.033033132553,1.6246007680892944,0.0003293499518172637
3384,1539.4777338504791,1.753880500793457,0.00032909331087318665
3385,1539.924284696579,1.7381813526153564,0.00032883676455851724
3386,1540.3675329685211,1.8304133415222168,0.00032858031298315196
3387,1540.8145260810852,1.7305219173431396,0.0003283239562569463
3388,1541.2614538669586,1.780855655670166,0.00032806769448971555
3389,1541.7050459384918,1.7674126625061035,0.00032781152779123374
3390,1542.150371313095,1.6974388360977173,0.00032755545627123503
3391,1542.5951805114746,1.7342278957366943,0.0003272994800394119
3392,1543.040121793747,1.6210801601409912,0.0003270435992054166
3393,1543.4878420829773,1.7434391975402832,0.0003267878138788605
3394,1543.937194108963,1.7641193866729736,0.00032653212416931365
3395,1544.3805985450745,1.7713379859924316,0.0003262765301863054
3396,1544.8291015625,1.786639928817749,0.00032602103203932455
3397,1545.276040315628,1.7136359214782715,0.0003257656298378179
3398,1545.724345445633,1.624139428138733,0.00032551032369119174
3399,1546.178166627884,1.6725142002105713,0.00032525511370881113
3400,1546.6241383552551,1.7418841123580933,0.0003250000000000001
3401,1547.068286895752,1.7506077289581299,0.0003247449826740409
3402,1547.5127403736115,1.7225112915039062,0.00032449006184017516
3403,1547.9609920978546,1.655983805656433,0.00032423523760760284
3404,1548.405945777893,1.840701699256897,0.00032398051008548234
3405,1548.8528368473053,1.6865543127059937,0.0003237258793829312
3406,1549.3030369281769,1.6609439849853516,0.0003234713456090246
3407,1549.7485156059265,1.7145884037017822,0.00032321690887279726
3408,1550.1954469680786,1.763075590133667,0.00032296256928324136
3409,1550.6433141231537,1.9390552043914795,0.0003227083269493081
3410,1551.0885198116302,1.8334834575653076,0.000322454181979907
3411,1551.5353066921234,1.696755051612854,0.0003222001344839053
3412,1551.9839217662811,1.7234004735946655,0.00032194618457012913
3413,1552.4291863441467,1.767325758934021,0.0003216923323473626
3414,1552.875522851944,1.7574939727783203,0.0003214385779243479
3415,1553.3369550704956,1.7734074592590332,0.00032118492140978513
3416,1553.7832508087158,1.8135277032852173,0.0003209313629123329
3417,1554.2282910346985,1.7307491302490234,0.00032067790254060774
3418,1554.6753153800964,1.7502152919769287,0.0003204245404031837
3419,1555.1250915527344,1.7373929023742676,0.00032017127660859324
3420,1555.5791549682617,1.732534408569336,0.00031991811126532663
3421,1556.0272402763367,1.6700958013534546,0.0003196650444818316
3422,1556.4773004055023,1.7526164054870605,0.0003194120763665143
3423,1556.9236772060394,1.6803154945373535,0.0003191592070277377
3424,1557.3689556121826,1.7800590991973877,0.0003189064365738236
3425,1557.815979719162,1.6789839267730713,0.00031865376511305024
3426,1558.2561249732971,1.735734462738037,0.0003184011927536544
3427,1558.7039110660553,1.6929410696029663,0.0003181487196038302
3428,1559.1567380428314,1.778243899345398,0.00031789634577172865
3429,1559.604089975357,1.7746413946151733,0.00031764407136545896
3430,1560.0469062328339,1.7593146562576294,0.00031739189649308765
3431,1560.48774600029,1.6359868049621582,0.0003171398212626382
3432,1560.9304525852203,1.7580938339233398,0.00031688784578209146
3433,1561.3738877773285,1.6791961193084717,0.00031663597015938594
3434,1561.8245387077332,1.7567321062088013,0.00031638419450241733
3435,1562.2703456878662,1.675389051437378,0.0003161325189190379
3436,1562.7141547203064,1.7089684009552002,0.0003158809435170577
3437,1563.16357755661,1.758466124534607,0.0003156294684042438
3438,1563.6095457077026,1.754584789276123,0.00031537809368831985
3439,1564.053679227829,1.7220091819763184,0.00031512681947696707
3440,1564.50168466568,1.675523281097412,0.00031487564587782306
3441,1564.9447054862976,1.6713507175445557,0.00031462457299848286
3442,1565.3925576210022,1.7207231521606445,0.0003143736009464979
3443,1565.8427782058716,1.7042043209075928,0.00031412272982937674
3444,1566.2874958515167,1.7262667417526245,0.0003138719597545848
3445,1566.7406997680664,1.7144044637680054,0.0003136212908295436
3446,1567.1899013519287,1.7788009643554688,0.00031337072316163197
3447,1567.6334042549133,1.8457677364349365,0.00031312025685818534
3448,1568.0784885883331,1.7199093103408813,0.00031286989202649506
3449,1568.5243337154388,1.7871966361999512,0.00031261962877380997
3450,1568.971112728119,1.7376593351364136,0.0003123694672073344
3451,1569.4146802425385,1.7876347303390503,0.0003121194074342301
3452,1569.8558242321014,1.832885980606079,0.00031186944956161427
3453,1570.3027787208557,1.7737197875976562,0.00031161959369656116
3454,1570.747599363327,1.751436471939087,0.00031136983994610126
3455,1571.2001967430115,1.76470947265625,0.00031112018841722075
3456,1571.642288684845,1.6830588579177856,0.00031087063921686264
3457,1572.087284564972,1.7205127477645874,0.000310621192451926
3458,1572.5313622951508,1.6579328775405884,0.0003103718482292658
3459,1572.9735629558563,1.8159745931625366,0.00031012260665569294
3460,1573.4177932739258,1.7917675971984863,0.00030987346783797485
3461,1573.8639178276062,1.7146737575531006,0.0003096244318828347
3462,1574.3143289089203,1.8348262310028076,0.0003093754988969514
3463,1574.7632789611816,1.7240732908248901,0.00030912666898696
3464,1575.2054371833801,1.750676155090332,0.0003088779422594514
3465,1575.6531987190247,1.6828103065490723,0.0003086293188209724
3466,1576.0960292816162,1.7002778053283691,0.0003083807987780251
3467,1576.542813539505,1.722496747970581,0.00030813238223706754
3468,1576.9932713508606,1.7414963245391846,0.0003078840693045138
3469,1577.4391086101532,1.7255927324295044,0.0003076358600867329
3470,1577.886681318283,1.6593878269195557,0.0003073877546900499
3471,1578.3347914218903,1.6561686992645264,0.0003071397532207453
3472,1578.78342628479,1.6692957878112793,0.00030689185578505523
3473,1579.2355659008026,1.6796231269836426,0.0003066440624891708
3474,1579.681494474411,1.7343108654022217,0.000306396373439239
3475,1580.131472826004,1.700986623764038,0.0003061487887413619
3476,1580.5783426761627,1.6277825832366943,0.00030590130850159663
3477,1581.028601884842,1.651754379272461,0.00030565393282595615
3478,1581.4769377708435,1.7162821292877197,0.0003054066618204084
3479,1581.9217896461487,1.7066137790679932,0.0003051594955908762
3480,1582.3658559322357,1.8218843936920166,0.0003049124342432378
3481,1582.8119575977325,1.7142808437347412,0.0003046654778833264
3482,1583.2564492225647,1.8218022584915161,0.00030441862661693053
3483,1583.715372800827,1.7397665977478027,0.00030417188054979324
3484,1584.160504579544,1.7171868085861206,0.0003039252397876125
3485,1584.6134855747223,1.6920205354690552,0.0003036787044360417
3486,1585.061229467392,1.782020092010498,0.00030343227460068845
3487,1585.5144662857056,1.6915346384048462,0.00030318595038711555
3488,1585.9654989242554,1.767956256866455,0.0003029397319008406
3489,1586.4159154891968,1.9198540449142456,0.00030269361924733596
3490,1586.862552165985,1.6703513860702515,0.000302447612532028
3491,1587.314864397049,1.7139003276824951,0.0003022017118602985
3492,1587.7606000900269,1.7645065784454346,0.0003019559173374835
3493,1588.204823732376,1.6741950511932373,0.00030171022906887325
3494,1588.6541721820831,1.7542779445648193,0.00030146464715971307
3495,1589.1023762226105,1.8193002939224243,0.0003012191717152025
3496,1589.5482697486877,1.6934932470321655,0.0003009738028404952
3497,1589.9933452606201,1.739976167678833,0.0003007285406406995
3498,1590.4378900527954,1.6558117866516113,0.000300483385220878
3499,1590.8851861953735,1.7089619636535645,0.00030023833668604757
3500,1591.3295516967773,1.6710151433944702,0.00029999339514117913
3501,1595.052191734314,1.7280900478363037,0.0002997485606911976
3502,1595.4945302009583,1.7559280395507812,0.0002995038334409827
3503,1595.9374072551727,1.7749722003936768,0.00029925921349536745
3504,1596.38672208786,1.7927545309066772,0.0002990147009591395
3505,1596.8327541351318,1.7270407676696777,0.00029877029593704
3506,1597.2809617519379,1.6788735389709473,0.0002985259985337648
3507,1597.7256560325623,1.6918795108795166,0.00029828180885396255
3508,1598.1709837913513,1.7575496435165405,0.00029803772700223675
3509,1598.6183652877808,1.7104101181030273,0.0002977937530831442
3510,1599.0646569728851,1.629101037979126,0.0002975498872011957
3511,1599.5128419399261,1.6925663948059082,0.0002973061294608553
3512,1599.9597191810608,1.8425304889678955,0.00029706247996654135
3513,1600.4091737270355,1.7293219566345215,0.0002968189388226254
3514,1600.8502049446106,1.6784735918045044,0.0002965755061334328
3515,1601.295058965683,1.6744322776794434,0.0002963321820032424
3516,1601.756686449051,1.7580958604812622,0.0002960889665362867
3517,1602.2075622081757,1.6789895296096802,0.00029584585983675115
3518,1602.6526420116425,1.6922199726104736,0.00029560286200877524
3519,1603.100218296051,1.7221121788024902,0.00029535997315645145
3520,1603.5452077388763,1.6976776123046875,0.00029511719338382535
3521,1603.9923486709595,1.8232169151306152,0.0002948745227948963
3522,1604.4347565174103,1.5941405296325684,0.00029463196149361666
3523,1604.8845946788788,1.8488494157791138,0.00029438950958389216
3524,1605.331782579422,1.792292833328247,0.0002941471671695812
3525,1605.7780089378357,1.7996418476104736,0.0002939049343544957
3526,1606.2331788539886,1.6234147548675537,0.0002936628112424007
3527,1606.6791107654572,1.6246647834777832,0.0002934207979370138
3528,1607.1274292469025,1.6345943212509155,0.0002931788945420058
3529,1607.5742921829224,1.707688331604004,0.0002929371011610006
3530,1608.0177767276764,1.805121898651123,0.00029269541789757455
3531,1608.4629611968994,1.6758612394332886,0.0002924538448552573
3532,1608.9093203544617,1.7750147581100464,0.0002922123821375309
3533,1609.3604049682617,1.6039865016937256,0.0002919710298478306
3534,1609.8115606307983,1.7306315898895264,0.0002917297880895437
3535,1610.255188703537,1.786146879196167,0.00029148865696601085
3536,1610.7011206150055,1.6313977241516113,0.0002912476365805248
3537,1611.14537525177,1.739932656288147,0.00029100672703633084
3538,1611.5891001224518,1.6771347522735596,0.0002907659284366271
3539,1612.0385949611664,1.732919692993164,0.0002905252408845641
3540,1612.4914841651917,1.656557559967041,0.00029028466448324493
3541,1612.9370656013489,1.6610691547393799,0.00029004419933572446
3542,1613.3833720684052,1.7107590436935425,0.0002898038455450105
3543,1613.8295905590057,1.59260892868042,0.00028956360321406323
3544,1614.29158949852,1.682025671005249,0.00028932347244579464
3545,1614.73814702034,1.6984248161315918,0.0002890834533430689
3546,1615.1901881694794,1.6611592769622803,0.0002888435460087027
3547,1615.635376214981,1.6470928192138672,0.00028860375054546504
3548,1616.0803008079529,1.6977298259735107,0.00028836406705607623
3549,1616.526483297348,1.6706280708312988,0.0002881244956432093
3550,1616.9836246967316,1.724410891532898,0.00028788503640948907
3551,1617.428163766861,1.6486623287200928,0.0002876456894574921
3552,1617.874657869339,1.8155909776687622,0.0002874064548897472
3553,1618.3217055797577,1.6887807846069336,0.00028716733280873463
3554,1618.7711203098297,1.6765319108963013,0.000286928323316887
3555,1619.2172565460205,1.789512276649475,0.000286689426516588
3556,1619.66201710701,1.6744858026504517,0.0002864506425101737
3557,1620.1086764335632,1.7487311363220215,0.00028621197139993166
3558,1620.55757188797,1.7313790321350098,0.0002859734132881007
3559,1621.0003044605255,1.6290271282196045,0.0002857349682768717
3560,1621.4448652267456,1.6592075824737549,0.00028549663646838715
3561,1621.896321773529,1.5942118167877197,0.00028525841796474033
3562,1622.3419361114502,1.6766384840011597,0.000285020312867977
3563,1622.7987668514252,1.7308964729309082,0.0002847823212800934
3564,1623.2395033836365,1.685596227645874,0.0002845444433030379
3565,1623.684923171997,1.780126690864563,0.00028430667903870955
3566,1624.128570318222,1.628393292427063,0.00028406902858895913
3567,1624.5703811645508,1.7202479839324951,0.0002838314920555887
3568,1625.0194828510284,1.6414861679077148,0.0002835940695403512
3569,1625.4629802703857,1.7103080749511719,0.0002833567611449509
3570,1625.909437417984,1.7501535415649414,0.0002831195669710433
3571,1626.3622059822083,1.5850830078125,0.0002828824871202348
3572,1626.8072998523712,1.7024825811386108,0.00028264552169408267
3573,1627.2574298381805,1.693446159362793,0.00028240867079409556
3574,1627.704106092453,1.8090466260910034,0.00028217193452173306
3575,1628.154121875763,1.6667993068695068,0.000281935312978405
3576,1628.6003913879395,1.7486636638641357,0.00028169880626547283
3577,1629.0538356304169,1.6959764957427979,0.00028146241448424864
3578,1629.5045759677887,1.6705610752105713,0.0002812261377359948
3579,1629.94930768013,1.7415380477905273,0.00028098997612192514
3580,1630.3951737880707,1.6540567874908447,0.00028075392974320345
3581,1630.838710784912,1.6716010570526123,0.0002805179987009448
3582,1631.2846517562866,1.8280985355377197,0.00028028218309621427
3583,1631.7266652584076,1.7216880321502686,0.00028004648303002786
3584,1632.1755561828613,1.7568209171295166,0.00027981089860335223
3585,1632.6244678497314,1.7048897743225098,0.00027957542991710393
3586,1633.069456577301,1.6971485614776611,0.0002793400770721504
3587,1633.5194272994995,1.8325843811035156,0.0002791048401693095
3588,1633.9695789813995,1.571678638458252,0.00027886971930934907
3589,1634.4127848148346,1.6358747482299805,0.0002786347145929873
3590,1634.863384962082,1.7460613250732422,0.00027839982612089286
3591,1635.3141605854034,1.589970350265503,0.00027816505399368466
3592,1635.7645010948181,1.6928131580352783,0.0002779303983119313
3593,1636.21049618721,1.7532566785812378,0.00027769585917615205
3594,1636.6617517471313,1.5951443910598755,0.0002774614366868161
3595,1637.112292289734,1.798041582107544,0.00027722713094434234
3596,1637.5672385692596,1.7521419525146484,0.00027699294204910023
3597,1638.0204157829285,1.8100028038024902,0.00027675887010140845
3598,1638.4741127490997,1.7453272342681885,0.00027652491520153635
3599,1638.923939704895,1.823622465133667,0.0002762910774497025
3600,1639.3740847110748,1.7311136722564697,0.0002760573569460757
3601,1639.8230204582214,1.7370927333831787,0.0002758237537907745
3602,1640.2726066112518,1.637991189956665,0.00027559026808386683
3603,1640.7229025363922,1.5646531581878662,0.00027535689992537064
3604,1641.168308019638,1.6900367736816406,0.0002751236494152536
3605,1641.6225137710571,1.7419452667236328,0.0002748905166534327
3606,1642.0674426555634,1.757189393043518,0.00027465750173977444
3607,1642.5138022899628,1.7310655117034912,0.00027442460477409517
3608,1642.957755804062,1.649120569229126,0.00027419182585616066
3609,1643.4023311138153,1.618983507156372,0.0002739591650856858
3610,1643.8477931022644,1.636944055557251,0.00027372662256233503
3611,1644.2944421768188,1.630008578300476,0.00027349419838572256
3612,1644.7370977401733,1.6955397129058838,0.0002732618926554111
3613,1645.1849191188812,1.753387212753296,0.00027302970547091334
3614,1645.6280739307404,1.7423053979873657,0.00027279763693169063
3615,1646.0845065116882,1.724043607711792,0.000272565687137154
3616,1646.5309009552002,1.600588321685791,0.00027233385618666316
3617,1646.9834730625153,1.6836885213851929,0.00027210214417952724
3618,1647.4312975406647,1.708357334136963,0.00027187055121500437
3619,1647.872356891632,1.8316099643707275,0.0002716390773923015
3620,1648.3172879219055,1.7338433265686035,0.00027140772281057467
3621,1648.7597541809082,1.722447156906128,0.000271176487568929
3622,1649.2036566734314,1.7744605541229248,0.000270945371766418
3623,1649.6478862762451,1.8069133758544922,0.0002707143755020448
3624,1650.0975484848022,1.7722965478897095,0.00027048349887476037
3625,1650.5455141067505,1.6566441059112549,0.00027025274198346524
3626,1650.9923119544983,1.7430551052093506,0.0002700221049270082
3627,1651.4328396320343,1.632148265838623,0.00026979158780418675
3628,1651.8765206336975,1.6477642059326172,0.00026956119071374745
3629,1652.324853181839,1.6687666177749634,0.0002693309137543847
3630,1652.7738931179047,1.6751976013183594,0.000269100757024742
3631,1653.2162747383118,1.8225646018981934,0.0002688707206234113
3632,1653.6620690822601,1.5866538286209106,0.00026864080464893283
3633,1654.114340543747,1.7886691093444824,0.000268411009199795
3634,1654.5641915798187,1.7767891883850098,0.00026818133437443514
3635,1655.0109412670135,1.670447826385498,0.0002679517802712388
3636,1655.457183122635,1.7967920303344727,0.0002677223469885393
3637,1655.9007704257965,1.7357516288757324,0.00026749303462461876
3638,1656.3499250411987,1.8270678520202637,0.0002672638432777073
3639,1656.7983782291412,1.6932518482208252,0.0002670347730459834
3640,1657.2498581409454,1.7752368450164795,0.00026680582402757323
3641,1657.691733598709,1.7227715253829956,0.0002665769963205512
3642,1658.13680768013,1.8305647373199463,0.0002663482900229401
3643,1658.5885064601898,1.7179481983184814,0.00026611970523271017
3644,1659.0339012145996,1.7145241498947144,0.00026589124204778
3645,1659.4775104522705,1.6602383852005005,0.0002656629005660162
3646,1659.9223029613495,1.6757802963256836,0.0002654346808852325
3647,1660.3662559986115,1.7599079608917236,0.00026520658310319126
3648,1660.8093583583832,1.6917121410369873,0.0002649786073176025
3649,1661.2681782245636,1.7478110790252686,0.00026475075362612354
3650,1661.7121951580048,1.6579827070236206,0.00026452302212635957
3651,1662.1629574298859,1.7157840728759766,0.0002642954129158637
3652,1662.6058011054993,1.6980390548706055,0.00026406792609213667
3653,1663.048579454422,1.615816354751587,0.00026384056175262624
3654,1663.4914855957031,1.6195619106292725,0.0002636133199947282
3655,1663.939683675766,1.7132927179336548,0.00026338620091578575
3656,1664.3883872032166,1.6744133234024048,0.0002631592046130896
3657,1664.831393480301,1.7223742008209229,0.0002629323311838777
3658,1665.2808783054352,1.6494569778442383,0.00026270558072533513
3659,1665.7284290790558,1.6324442625045776,0.000262478953334595
3660,1666.1723096370697,1.7859392166137695,0.0002622524491087369
3661,1666.6174674034119,1.6709773540496826,0.00026202606814478826
3662,1667.063101053238,1.6994733810424805,0.0002617998105397236
3663,1667.5101330280304,1.6972829103469849,0.0002615736763904642
3664,1667.9636380672455,1.7008081674575806,0.00026134766579387895
3665,1668.4098119735718,1.6495656967163086,0.0002611217788467836
3666,1668.8551669120789,1.7071486711502075,0.000260896015645941
3667,1669.3010206222534,1.5830409526824951,0.00026067037628806067
3668,1669.752643585205,1.7358442544937134,0.00026044486086979947
3669,1670.1985595226288,1.6413310766220093,0.0002602194694877613
3670,1670.650055885315,1.815737247467041,0.00025999420223849623
3671,1671.0964777469635,1.673295259475708,0.0002597690592185018
3672,1671.5438578128815,1.7700402736663818,0.00025954404052422217
3673,1671.9940803050995,1.7072408199310303,0.0002593191462520483
3674,1672.4427995681763,1.7140023708343506,0.0002590943764983176
3675,1672.8855500221252,1.7419111728668213,0.0002588697313593142
3676,1673.3341286182404,1.6306040287017822,0.0002586452109312692
3677,1673.777411699295,1.6805638074874878,0.0002584208153103597
3678,1674.2207152843475,1.7074952125549316,0.00025819654459270983
3679,1674.6663279533386,1.7356829643249512,0.0002579723988743902
3680,1675.1159129142761,1.7026203870773315,0.0002577483782514174
3681,1675.562847852707,1.6429612636566162,0.00025752448281975485
3682,1676.011524438858,1.6644113063812256,0.0002573007126753125
3683,1676.4557738304138,1.6749303340911865,0.000257077067913946
3684,1676.90411734581,1.6784847974777222,0.0002568535486314579
3685,1677.350596189499,1.7466009855270386,0.00025663015492359656
3686,1677.7991228103638,1.7208011150360107,0.00025640688688605704
3687,1678.2504816055298,1.6714222431182861,0.00025618374461448
3688,1678.700345993042,1.6963834762573242,0.00025596072820445253
3689,1679.143567085266,1.6240174770355225,0.0002557378377515079
3690,1679.5843710899353,1.6408052444458008,0.00025551507335112535
3691,1680.0336287021637,1.729492425918579,0.0002552924350987298
3692,1680.4849865436554,1.6431430578231812,0.0002550699230896928
3693,1680.9373953342438,1.7457489967346191,0.00025484753741933115
3694,1681.3896505832672,1.8212066888809204,0.0002546252781829077
3695,1681.834363937378,1.6359435319900513,0.00025440314547563143
3696,1682.2846820354462,1.5628018379211426,0.00025418113939265684
3697,1682.7331583499908,1.8107608556747437,0.0002539592600290846
3698,1683.1836206912994,1.6382126808166504,0.00025373750747996026
3699,1683.629384279251,1.7266883850097656,0.00025351588184027593
3700,1684.0757155418396,1.7106215953826904,0.000253294383204969
3701,1684.5187678337097,1.813007116317749,0.0002530730116689224
3702,1684.9693467617035,1.665985107421875,0.0002528517673269644
3703,1685.4132113456726,1.68452787399292,0.00025263065027386947
3704,1685.857275724411,1.7031280994415283,0.00025240966060435674
3705,1686.3113422393799,1.6249628067016602,0.0002521887984130913
3706,1686.760437965393,1.7082726955413818,0.0002519680637946836
3707,1687.208148241043,1.656479001045227,0.0002517474568436894
3708,1687.6581947803497,1.6737782955169678,0.00025152697765460947
3709,1688.1044535636902,1.7628976106643677,0.0002513066263218903
3710,1688.547423839569,1.6922743320465088,0.00025108640293992337
3711,1688.9949777126312,1.7673819065093994,0.0002508663076030451
3712,1689.4364359378815,1.6750850677490234,0.0002506463404055377
3713,1689.881430387497,1.668220043182373,0.00025042650144162785
3714,1690.3257632255554,1.5859285593032837,0.00025020679080548793
3715,1690.7669792175293,1.6976642608642578,0.0002499872085912346
3716,1691.2232811450958,1.7143032550811768,0.00024976775489293004
3717,1691.667179107666,1.6345670223236084,0.0002495484298045815
3718,1692.1212582588196,1.8031463623046875,0.00024932923342014076
3719,1692.5640759468079,1.6086676120758057,0.0002491101658335042
3720,1693.0213506221771,1.669837474822998,0.00024889122713851394
3721,1693.4705402851105,1.724106788635254,0.00024867241742895595
3722,1693.916336297989,1.7053053379058838,0.0002484537367985616
3723,1694.3659629821777,1.7274227142333984,0.00024823518534100656
3724,1694.8135192394257,1.6711721420288086,0.00024801676314991175
3725,1695.2527046203613,1.754828929901123,0.0002477984703188417
3726,1695.6961858272552,1.6930934190750122,0.00024758030694130664
3727,1696.1471500396729,1.7627472877502441,0.0002473622731107605
3728,1696.5915176868439,1.7206885814666748,0.0002471443689206021
3729,1697.036425113678,1.6474604606628418,0.0002469265944641746
3730,1697.4810132980347,1.7124347686767578,0.0002467089498347659
3731,1697.9294922351837,1.6773338317871094,0.00024649143512560807
3732,1698.3767869472504,1.7179625034332275,0.0002462740504298772
3733,1698.8254716396332,1.7549504041671753,0.0002460567958406941
3734,1699.2704660892487,1.6861402988433838,0.00024583967145112395
3735,1699.7194936275482,1.8013784885406494,0.0002456226773541757
3736,1700.163147687912,1.7084969282150269,0.00024540581364280274
3737,1700.6110875606537,1.715578317642212,0.00024518908040990274
3738,1701.0591158866882,1.548331379890442,0.00024497247774831713
3739,1701.506997346878,1.7730525732040405,0.0002447560057508317
3740,1701.9581551551819,1.7475295066833496,0.0002445396645101762
3741,1702.4065704345703,1.7372795343399048,0.00024432345411902446
3742,1702.8557031154633,1.74920654296875,0.0002441073746699939
3743,1703.3008027076721,1.673266887664795,0.00024389142625564633
3744,1703.7532832622528,1.673276424407959,0.00024367560896848697
3745,1704.1975667476654,1.8035862445831299,0.0002434599229009654
3746,1704.644761800766,1.678945779800415,0.00024324436814547422
3747,1705.089316368103,1.604402780532837,0.00024302894479435056
3748,1705.5360465049744,1.760772943496704,0.00024281365293987495
3749,1705.9849572181702,1.8211963176727295,0.0002425984926742714
3750,1706.4298923015594,1.6921072006225586,0.0002423834640897079
3751,1706.8759107589722,1.6311317682266235,0.00024216856727829586
3752,1707.319091796875,1.7099997997283936,0.00024195380233209008
3753,1707.7619895935059,1.6827154159545898,0.00024173916934308923
3754,1708.2101080417633,1.7438504695892334,0.00024152466840323528
3755,1708.654242515564,1.7808599472045898,0.00024131029960441333
3756,1709.1024820804596,1.7156310081481934,0.00024109606303845233
3757,1709.5463659763336,1.7444568872451782,0.0002408819587971245
3758,1709.9883258342743,1.597467303276062,0.00024066798697214536
3759,1710.4361491203308,1.6929376125335693,0.00024045414765517338
3760,1710.8799545764923,1.776523232460022,0.00024024044093781064
3761,1711.33070230484,1.6968674659729004,0.00024002686691160246
3762,1711.777187347412,1.737674355506897,0.00023981342566803713
3763,1712.2245080471039,1.717296838760376,0.0002396001172985458
3764,1712.6695609092712,1.6231753826141357,0.00023938694189450327
3765,1713.125479221344,1.6879578828811646,0.0002391738995472272
3766,1713.5715961456299,1.7876768112182617,0.0002389609903479778
3767,1714.014657497406,1.6826316118240356,0.00023874821438795888
3768,1714.4573912620544,1.672109842300415,0.00023853557175831697
3769,1714.9005970954895,1.6439207792282104,0.00023832306255014115
3770,1715.3474202156067,1.6468424797058105,0.0002381106868544639
3771,1715.793961763382,1.7050514221191406,0.00023789844476226
3772,1716.2413837909698,1.7330081462860107,0.0002376863363644474
3773,1716.6871588230133,1.7025551795959473,0.0002374743617518863
3774,1717.136991262436,1.692734718322754,0.00023726252101538016
3775,1717.582050561905,1.6286660432815552,0.00023705081424567478
3776,1718.028535604477,1.6386191844940186,0.00023683924153345857
3777,1718.471705198288,1.6640450954437256,0.0002366278029693625
3778,1718.9178156852722,1.7181082963943481,0.00023641649864396036
3779,1719.3650407791138,1.7087923288345337,0.0002362053286477681
3780,1719.8097727298737,1.6832795143127441,0.00023599429307124403
3781,1720.2598779201508,1.6641595363616943,0.0002357833920047892
3782,1720.708732366562,1.6418561935424805,0.00023557262553874718
3783,1721.156362771988,1.6777620315551758,0.00023536199376340323
3784,1721.5975723266602,1.698302149772644,0.0002351514967689855
3785,1722.0404665470123,1.669797420501709,0.00023494113464566442
3786,1722.486298084259,1.7267258167266846,0.00023473090748355206
3787,1722.9311504364014,1.666641116142273,0.00023452081537270344
3788,1723.375964164734,1.7135670185089111,0.00023431085840311492
3789,1723.8239979743958,1.6655458211898804,0.00023410103666472585
3790,1724.268283367157,1.6519181728363037,0.00023389135024741675
3791,1724.7155075073242,1.6324238777160645,0.00023368179924101084
3792,1725.162050485611,1.6498585939407349,0.0002334723837352733
3793,1725.6071956157684,1.6306378841400146,0.00023326310381991078
3794,1726.055666923523,1.7314317226409912,0.00023305395958457217
3795,1726.4993555545807,1.711593508720398,0.0002328449511188485
3796,1726.9449756145477,1.785091519355774,0.00023263607851227214
3797,1727.3901283740997,1.7049674987792969,0.00023242734185431737
3798,1727.8334596157074,1.8142900466918945,0.00023221874123440048
3799,1728.2794790267944,1.7168946266174316,0.00023201027674187946
3800,1728.7256925106049,1.6652767658233643,0.00023180194846605365
3801,1729.1730320453644,1.5954115390777588,0.00023159375649616437
3802,1729.6205282211304,1.680189847946167,0.00023138570092139457
3803,1730.0640470981598,1.7669484615325928,0.00023117778183086838
3804,1730.514880657196,1.616473913192749,0.00023096999931365193
3805,1730.9595158100128,1.701244831085205,0.00023076235345875263
3806,1731.4076237678528,1.7267727851867676,0.00023055484435511946
3807,1731.8543183803558,1.6995455026626587,0.00023034747209164247
3808,1732.2993531227112,1.633732795715332,0.00023014023675715337
3809,1732.7416789531708,1.760974645614624,0.0002299331384404255
3810,1733.186196088791,1.7501678466796875,0.00022972617723017295
3811,1733.6308619976044,1.7334716320037842,0.0002295193532150513
3812,1734.0781679153442,1.7459889650344849,0.0002293126664836576
3813,1734.5259754657745,1.6761984825134277,0.00022910611712452966
3814,1734.9751343727112,1.6030184030532837,0.00022889970522614692
3815,1735.4220893383026,1.6519912481307983,0.00022869343087692932
3816,1735.8723888397217,1.6779643297195435,0.0002284872941652386
3817,1736.315614938736,1.6947053670883179,0.00022828129517937686
3818,1736.7627713680267,1.641564130783081,0.00022807543400758768
3819,1737.2078516483307,1.715505838394165,0.00022786971073805555
3820,1737.6532535552979,1.6821198463439941,0.00022766412545890561
3821,1738.0970981121063,1.755068302154541,0.0002274586782582041
3822,1738.5442173480988,1.714176893234253,0.00022725336922395817
3823,1738.9871709346771,1.7068111896514893,0.00022704819844411567
3824,1739.4321138858795,1.7273693084716797,0.00022684316600656506
3825,1739.87673330307,1.6954739093780518,0.00022663827199913587
3826,1740.3215415477753,1.7404204607009888,0.00022643351650959828
3827,1740.7658638954163,1.6183810234069824,0.00022622889962566284
3828,1741.2134602069855,1.7546489238739014,0.00022602442143498095
3829,1741.6594803333282,1.6927030086517334,0.00022582008202514476
3830,1742.1040935516357,1.708378791809082,0.00022561588148368653
3831,1742.5572156906128,1.6761858463287354,0.0002254118198980795
3832,1743.0079171657562,1.6869927644729614,0.00022520789735573703
3833,1743.4555418491364,1.6140713691711426,0.0002250041139440132
3834,1743.9033379554749,1.6322270631790161,0.00022480046975020216
3835,1744.34809756279,1.6666474342346191,0.00022459696486153862
3836,1744.7980349063873,1.69009268283844,0.00022439359936519786
3837,1745.2432548999786,1.6780766248703003,0.0002241903733482949
3838,1745.6917481422424,1.6783692836761475,0.00022398728689788548
3839,1746.1345875263214,1.6671111583709717,0.0002237843401009655
3840,1746.5813863277435,1.5848819017410278,0.0002235815330444707
3841,1747.026082277298,1.644940972328186,0.00022337886581527715
3842,1747.4726073741913,1.5698542594909668,0.00022317633850020113
3843,1747.9190690517426,1.7157583236694336,0.000222973951185999
3844,1748.3727259635925,1.7165472507476807,0.000222771703959367
3845,1748.8190047740936,1.7304537296295166,0.0002225695969069413
3846,1749.2636456489563,1.732425332069397,0.00022236763011529827
3847,1749.7103655338287,1.6916732788085938,0.00022216580367095414
3848,1750.1613256931305,1.6460322141647339,0.0002219641176603649
3849,1750.6099796295166,1.6955872774124146,0.0002217625721699262
3850,1751.0553450584412,1.7613284587860107,0.00022156116728597408
3851,1751.5002388954163,1.6430253982543945,0.00022135990309478365
3852,1751.945871591568,1.6733105182647705,0.00022115877968257024
3853,1752.3904025554657,1.6931425333023071,0.00022095779713548892
3854,1752.8356096744537,1.6443586349487305,0.0002207569555396339
3855,1753.292091846466,1.665076494216919,0.0002205562549810395
3856,1753.7388372421265,1.7389453649520874,0.0002203556955456796
3857,1754.1843657493591,1.738961935043335,0.00022015527731946723
3858,1754.6285531520844,1.6975998878479004,0.0002199550003882554
3859,1755.0765497684479,1.6956377029418945,0.0002197548648378362
3860,1755.5234248638153,1.7314507961273193,0.0002195548707539416
3861,1755.9677159786224,1.7986878156661987,0.00021935501822224242
3862,1756.4159409999847,1.6932419538497925,0.0002191553073283492
3863,1756.860669851303,1.7924954891204834,0.00021895573815781185
3864,1757.3077275753021,1.6090397834777832,0.00021875631079611954
3865,1757.7551836967468,1.7887681722640991,0.0002185570253287004
3866,1758.2035381793976,1.6905648708343506,0.0002183578818409222
3867,1758.648363828659,1.8343770503997803,0.00021815888041809157
3868,1759.0947353839874,1.7373206615447998,0.0002179600211454543
3869,1759.540391921997,1.701265573501587,0.00021776130410819546
3870,1759.99254155159,1.6874943971633911,0.00021756272939143928
3871,1760.4347217082977,1.6884613037109375,0.00021736429708024859
3872,1760.879934310913,1.7485467195510864,0.0002171660072596256
3873,1761.3259544372559,1.5989911556243896,0.00021696786001451144
3874,1761.7882091999054,1.5917654037475586,0.00021676985542978615
3875,1762.241119146347,1.6886416673660278,0.0002165719935902685
3876,1762.6878452301025,1.7384088039398193,0.00021637427458071605
3877,1763.138643026352,1.683308720588684,0.00021617669848582568
3878,1763.5860586166382,1.7289469242095947,0.0002159792653902324
3879,1764.0332322120667,1.709165334701538,0.00021578197537851042
3880,1764.4809966087341,1.709286093711853,0.00021558482853517255
3881,1764.9226369857788,1.714128017425537,0.00021538782494467024
3882,1765.368596315384,1.621293306350708,0.00021519096469139345
3883,1765.8150033950806,1.6432902812957764,0.00021499424785967108
3884,1766.2609333992004,1.7031153440475464,0.0002147976745337702
3885,1766.7092299461365,1.7123651504516602,0.0002146012447978965
3886,1767.1535143852234,1.8132331371307373,0.00021440495873619426
3887,1767.5969543457031,1.7216877937316895,0.00021420881643274646
3888,1768.045935869217,1.7868961095809937,0.00021401281797157393
3889,1768.489899635315,1.7242069244384766,0.00021381696343663624
3890,1768.9312915802002,1.6508123874664307,0.0002136212529118314
3891,1769.378592967987,1.6943113803863525,0.00021342568648099558
3892,1769.8227610588074,1.6454309225082397,0.00021323026422790308
3893,1770.2697863578796,1.6084274053573608,0.0002130349862362666
3894,1770.7150473594666,1.6946121454238892,0.00021283985258973713
3895,1771.1664464473724,1.7688696384429932,0.00021264486337190357
3896,1771.60879611969,1.6954947710037231,0.0002124500186662932
3897,1772.0554022789001,1.691797137260437,0.00021225531855637134
3898,1772.4999432563782,1.7042818069458008,0.00021206076312554138
3899,1772.943855524063,1.6483694314956665,0.00021186635245714448
3900,1773.3916091918945,1.631174921989441,0.00021167208663446023
3901,1773.8373880386353,1.7145843505859375,0.00021147796574070584
3902,1774.2875652313232,1.67010498046875,0.00021128398985903636
3903,1774.7307591438293,1.629342794418335,0.0002110901590725451
3904,1775.1756114959717,1.709751844406128,0.00021089647346426304
3905,1775.6225650310516,1.7454752922058105,0.00021070293311715874
3906,1776.0712237358093,1.6837732791900635,0.00021050953811413891
3907,1776.5235846042633,1.6876832246780396,0.00021031628853804773
3908,1776.9680562019348,1.675175666809082,0.00021012318447166743
3909,1777.4144487380981,1.7214150428771973,0.00020993022599771733
3910,1777.8595805168152,1.6849695444107056,0.00020973741319885479
3911,1778.3072476387024,1.6623098850250244,0.0002095447461576748
3912,1778.7554366588593,1.7103826999664307,0.00020935222495670967
3913,1779.2010471820831,1.8177063465118408,0.00020915984967842942
3914,1779.6435286998749,1.6894629001617432,0.00020896762040524146
3915,1780.0878913402557,1.8308167457580566,0.00020877553721949092
3916,1780.5345394611359,1.6385512351989746,0.0002085836002034598
3917,1780.9792532920837,1.639343500137329,0.0002083918094393682
3918,1781.424412727356,1.6480134725570679,0.00020820016500937278
3919,1781.8762090206146,1.7122037410736084,0.0002080086669955683
3920,1782.3215594291687,1.657698392868042,0.00020781731547998608
3921,1782.7679917812347,1.7122855186462402,0.00020762611054459527
3922,1783.2153403759003,1.6214288473129272,0.00020743505227130204
3923,1783.6653780937195,1.63177490234375,0.00020724414074194938
3924,1784.1171748638153,1.6057127714157104,0.00020705337603831795
3925,1784.5638122558594,1.704168438911438,0.00020686275824212538
3926,1785.011466741562,1.6465144157409668,0.000206672287435026
3927,1785.4567081928253,1.852759599685669,0.00020648196369861175
3928,1785.899326324463,1.6287786960601807,0.00020629178711441113
3929,1786.3494741916656,1.7132282257080078,0.00020610175776388965
3930,1786.7963325977325,1.6612507104873657,0.00020591187572844985
3931,1787.2440066337585,1.649784803390503,0.0002057221410894313
3932,1787.6906008720398,1.6391044855117798,0.00020553255392811038
3933,1788.1401634216309,1.6301037073135376,0.00020534311432569992
3934,1788.5837969779968,1.7787103652954102,0.00020515382236335002
3935,1789.0285761356354,1.6615900993347168,0.00020496467812214733
3936,1789.4773125648499,1.7005603313446045,0.00020477568168311526
3937,1789.9212653636932,1.8060457706451416,0.00020458683312721374
3938,1790.365065574646,1.693050742149353,0.00020439813253533948
3939,1790.8145422935486,1.684870958328247,0.0002042095799883261
3940,1791.2641561031342,1.679141879081726,0.00020402117556694323
3941,1791.708621263504,1.639019250869751,0.00020383291935189744
3942,1792.1541538238525,1.7560064792633057,0.00020364481142383178
3943,1792.5987422466278,1.6456881761550903,0.0002034568518633256
3944,1793.0411834716797,1.6092350482940674,0.00020326904075089488
3945,1793.487337589264,1.7458170652389526,0.00020308137816699197
3946,1793.9313459396362,1.6356663703918457,0.0002028938641920054
3947,1794.374877691269,1.7814695835113525,0.00020270649890626025
3948,1794.8200044631958,1.753482699394226,0.00020251928239001788
3949,1795.2685949802399,1.7031408548355103,0.00020233221472347603
3950,1795.7135066986084,1.5741569995880127,0.00020214529598676834
3951,1796.16130900383,1.5561575889587402,0.000201958526259965
3952,1796.6066672801971,1.5978150367736816,0.00020177190562307225
3953,1797.0545890331268,1.7100956439971924,0.00020158543415603236
3954,1797.4997715950012,1.6573237180709839,0.0002013991119387237
3955,1797.9458138942719,1.671535849571228,0.0002012129390509609
3956,1798.3873465061188,1.5752692222595215,0.00020102691557249454
3957,1798.840960741043,1.6178348064422607,0.00020084104158301104
3958,1799.2851963043213,1.709855079650879,0.00020065531716213298
3959,1799.7272145748138,1.6850552558898926,0.00020046974238941903
3960,1800.169020652771,1.757913589477539,0.0002002843173443631
3961,1800.6125013828278,1.700099229812622,0.0002000990421063957
3962,1801.0559856891632,1.6129841804504395,0.00019991391675488283
3963,1801.4977657794952,1.7249473333358765,0.00019972894136912613
3964,1801.940134048462,1.6940386295318604,0.00019954411602836323
3965,1802.391883134842,1.661781668663025,0.00019935944081176749
3966,1802.8362493515015,1.838106632232666,0.00019917491579844802
3967,1803.2880656719208,1.5813981294631958,0.00019899054106744927
3968,1803.7366833686829,1.7140697240829468,0.0001988063166977516
3969,1804.1813416481018,1.6392089128494263,0.00019862224276827095
3970,1804.6287240982056,1.6753506660461426,0.00019843831935785876
3971,1805.0704860687256,1.6268510818481445,0.00019825454654530172
3972,1805.5130248069763,1.682013750076294,0.00019807092440932248
3973,1805.95703291893,1.736920714378357,0.00019788745302857895
3974,1806.4000885486603,1.702549695968628,0.00019770413248166433
3975,1806.857393026352,1.5738825798034668,0.00019752096284710735
3976,1807.3018534183502,1.622861623764038,0.00019733794420337213
3977,1807.7479634284973,1.6983113288879395,0.00019715507662885795
3978,1808.1933233737946,1.6653850078582764,0.0001969723602018996
3979,1808.641672372818,1.6200449466705322,0.00019678979500076677
3980,1809.0890893936157,1.7276248931884766,0.00019660738110366486
3981,1809.537456035614,1.6028642654418945,0.00019642511858873396
3982,1809.9819033145905,1.6773335933685303,0.00019624300753404958
3983,1810.4254591464996,1.5933257341384888,0.00019606104801762254
3984,1810.867775440216,1.7366302013397217,0.00019587924011739823
3985,1811.3157238960266,1.7225278615951538,0.00019569758391125747
3986,1811.761036157608,1.5939462184906006,0.00019551607947701613
3987,1812.2048230171204,1.815860390663147,0.00019533472689242475
3988,1812.6458959579468,1.6238434314727783,0.0001951535262351692
3989,1813.0891647338867,1.7179605960845947,0.00019497247758286991
3990,1813.5385346412659,1.7176663875579834,0.00019479158101308252
3991,1813.9818680286407,1.5894800424575806,0.00019461083660329723
3992,1814.4274821281433,1.6275792121887207,0.00019443024443093932
3993,1814.871646642685,1.592373251914978,0.00019424980457336877
3994,1815.3174378871918,1.7692384719848633,0.00019406951710788012
3995,1815.7607951164246,1.6576063632965088,0.00019388938211170286
3996,1816.2043089866638,1.653220295906067,0.00019370939966200125
3997,1816.6480677127838,1.7702010869979858,0.00019352956983587397
3998,1817.0924534797668,1.6701260805130005,0.00019334989271035417
3999,1817.5374655723572,1.7270973920822144,0.00019317036836241004
4000,1817.985775232315,1.6388438940048218,0.00019299099686894422
4001,1821.6792764663696,1.7119858264923096,0.0001928117783067935
4002,1822.1263756752014,1.7912452220916748,0.0001926327127527296
4003,1822.5790734291077,1.7207292318344116,0.00019245380028345852
4004,1823.0245995521545,1.7120931148529053,0.0001922750409756205
4005,1823.4690444469452,1.6616008281707764,0.00019209643490579055
4006,1823.9121811389923,1.623060941696167,0.00019191798215047764
4007,1824.355545282364,1.7110345363616943,0.0001917396827861255
4008,1824.8016140460968,1.6465619802474976,0.0001915615368891117
4009,1825.2475686073303,1.6124765872955322,0.00019138354453574835
4010,1825.6995968818665,1.6752028465270996,0.00019120570580228186
4011,1826.147140264511,1.5935313701629639,0.00019102802076489242
4012,1826.5896248817444,1.633319616317749,0.00019085048949969485
4013,1827.0334115028381,1.6368975639343262,0.00019067311208273793
4014,1827.4906527996063,1.6140806674957275,0.00019049588859000447
4015,1827.9340052604675,1.6837389469146729,0.0001903188190974112
4016,1828.3867387771606,1.5893175601959229,0.00019014190368080923
4017,1828.833655834198,1.5440305471420288,0.00018996514241598366
4018,1829.2803683280945,1.6756266355514526,0.00018978853537865312
4019,1829.724289894104,1.605614423751831,0.0001896120826444705
4020,1830.1712248325348,1.8302847146987915,0.00018943578428902276
4021,1830.6234838962555,1.6718676090240479,0.00018925964038783022
4022,1831.070332288742,1.7425240278244019,0.00018908365101634765
4023,1831.5175828933716,1.5864897966384888,0.000188907816249963
4024,1831.9701209068298,1.6615440845489502,0.00018873213616399853
4025,1832.4213349819183,1.7229400873184204,0.00018855661083370983
4026,1832.8667285442352,1.6438419818878174,0.00018838124033428643
4027,1833.3084425926208,1.7102117538452148,0.00018820602474085163
4028,1833.7547075748444,1.7529399394989014,0.00018803096412846196
4029,1834.1966834068298,1.6462862491607666,0.00018785605857210805
4030,1834.6388003826141,1.6157832145690918,0.00018768130814671383
4031,1835.0936019420624,1.6625864505767822,0.00018750671292713686
4032,1835.5382008552551,1.6416586637496948,0.00018733227298816795
4033,1835.9852986335754,1.6786359548568726,0.0001871579884045318
4034,1836.4307017326355,1.6004054546356201,0.00018698385925088658
4035,1836.8771483898163,1.6259454488754272,0.00018680988560182334
4036,1837.3275866508484,1.6278866529464722,0.00018663606753186704
4037,1837.7783596515656,1.6116867065429688,0.00018646240511547592
4038,1838.2216129302979,1.6555702686309814,0.00018628889842704115
4039,1838.6657304763794,1.7472161054611206,0.00018611554754088784
4040,1839.1150705814362,1.7105286121368408,0.00018594235253127368
4041,1839.5701313018799,1.6432896852493286,0.0001857693134723902
4042,1840.0140399932861,1.7265727519989014,0.0001855964304383615
4043,1840.4654557704926,1.6789779663085938,0.00018542370350324545
4044,1840.9124853610992,1.617397665977478,0.00018525113274103276
4045,1841.36186337471,1.7725858688354492,0.00018507871822564712
4046,1841.8118138313293,1.758735179901123,0.00018490646003094547
4047,1842.2639858722687,1.6394767761230469,0.00018473435823071794
4048,1842.7114815711975,1.6282002925872803,0.00018456241289868718
4049,1843.1579053401947,1.7510991096496582,0.00018439062410850938
4050,1843.6055510044098,1.7119783163070679,0.00018421899193377317
4051,1844.0503613948822,1.5316025018692017,0.00018404751644800053
4052,1844.499704360962,1.631328821182251,0.00018387619772464587
4053,1844.9526023864746,1.6681718826293945,0.00018370503583709684
4054,1845.4158053398132,1.7436408996582031,0.00018353403085867386
4055,1845.8612115383148,1.7616914510726929,0.00018336318286262974
4056,1846.3095362186432,1.6826214790344238,0.00018319249192215057
4057,1846.7660851478577,1.5785794258117676,0.00018302195811035492
4058,1847.2196185588837,1.6344634294509888,0.00018285158150029403
4059,1847.6807000637054,1.628230333328247,0.00018268136216495167
4060,1848.1241767406464,1.7800979614257812,0.0001825113001772445
4061,1848.5683205127716,1.7138895988464355,0.00018234139561002183
4062,1849.0177917480469,1.668299913406372,0.0001821716485360651
4063,1849.4654722213745,1.6552739143371582,0.00018200205902808872
4064,1849.913961648941,1.7118401527404785,0.00018183262715873937
4065,1850.3601305484772,1.6163837909698486,0.0001816633530005965
4066,1850.8043360710144,1.6728878021240234,0.00018149423662617165
4067,1851.252571105957,1.690995454788208,0.00018132527810790875
4068,1851.700035572052,1.5854287147521973,0.0001811564775181845
4069,1852.1456401348114,1.5859193801879883,0.00018098783492930743
4070,1852.5885996818542,1.6796960830688477,0.00018081935041351887
4071,1853.0316212177277,1.6331396102905273,0.0001806510240429922
4072,1853.477058649063,1.6217422485351562,0.00018048285588983317
4073,1853.9227347373962,1.723215103149414,0.00018031484602607954
4074,1854.3693633079529,1.6836113929748535,0.00018014699452370152
4075,1854.8125503063202,1.5451865196228027,0.00017997930145460133
4076,1855.2623128890991,1.7028411626815796,0.00017981176689061312
4077,1855.708886384964,1.6111804246902466,0.00017964439090350365
4078,1856.16139960289,1.698624610900879,0.00017947717356497147
4079,1856.604915857315,1.697160005569458,0.000179310114946647
4080,1857.0509314537048,1.7018940448760986,0.00017914321512009295
4081,1857.4956302642822,1.6807045936584473,0.00017897647415680387
4082,1857.9409127235413,1.714759111404419,0.00017880989212820648
4083,1858.3891055583954,1.663794994354248,0.00017864346910565903
4084,1858.8461396694183,1.6494011878967285,0.00017847720516045174
4085,1859.2923700809479,1.7531580924987793,0.00017831110036380717
4086,1859.7437546253204,1.6455848217010498,0.00017814515478687898
4087,1860.1860201358795,1.7793444395065308,0.00017797936850075306
4088,1860.6326138973236,1.669338583946228,0.00017781374157644714
4089,1861.0800156593323,1.7596080303192139,0.0001776482740849105
4090,1861.5255336761475,1.632426142692566,0.00017748296609702404
4091,1861.974069595337,1.5698950290679932,0.0001773178176836006
4092,1862.4158713817596,1.6512641906738281,0.0001771528289153845
4093,1862.8643922805786,1.6804168224334717,0.00017698799986305144
4094,1863.3145580291748,1.7240135669708252,0.0001768233305972091
4095,1863.7716119289398,1.7246286869049072,0.00017665882118839674
4096,1864.2260479927063,1.7117210626602173,0.00017649447170708466
4097,1864.6702604293823,1.5934945344924927,0.0001763302822236752
4098,1865.1157126426697,1.7010669708251953,0.00017616625280850173
4099,1865.5616390705109,1.6547589302062988,0.0001760023835318295
4100,1866.0115151405334,1.6587389707565308,0.0001758386744638546
4101,1866.4568762779236,1.6897047758102417,0.0001756751256747051
4102,1866.9036481380463,1.7614614963531494,0.00017551173723443989
4103,1867.3516709804535,1.6531507968902588,0.00017534850921304936
4104,1867.7920951843262,1.589540958404541,0.00017518544168045524
4105,1868.2408730983734,1.7444700002670288,0.00017502253470651056
4106,1868.6900296211243,1.756361961364746,0.00017485978836099956
4107,1869.1357641220093,1.7121155261993408,0.00017469720271363738
4108,1869.5824642181396,1.6002174615859985,0.00017453477783407068
4109,1870.024901151657,1.6808688640594482,0.00017437251379187727
4110,1870.469905614853,1.8508245944976807,0.00017421041065656567
4111,1870.9126117229462,1.6434236764907837,0.00017404846849757575
4112,1871.3619186878204,1.5293998718261719,0.00017388668738427848
4113,1871.8084375858307,1.6517484188079834,0.00017372506738597563
4114,1872.251615524292,1.6192920207977295,0.00017356360857190007
4115,1872.7001867294312,1.6468102931976318,0.0001734023110112158
4116,1873.149869441986,1.6729838848114014,0.00017324117477301751
4117,1873.5957674980164,1.688256025314331,0.0001730801999263307
4118,1874.0383546352386,1.5450154542922974,0.0001729193865401121
4119,1874.4842970371246,1.6554217338562012,0.00017275873468324893
4120,1874.9300594329834,1.6692609786987305,0.00017259824442455925
4121,1875.376124382019,1.6041767597198486,0.0001724379158327921
4122,1875.8253810405731,1.663478136062622,0.00017227774897662711
4123,1876.2757513523102,1.7883626222610474,0.00017211774392467485
4124,1876.719394683838,1.6446304321289062,0.00017195790074547613
4125,1877.169225692749,1.6445139646530151,0.0001717982195075028
4126,1877.613998889923,1.6821010112762451,0.00017163870027915741
4127,1878.0618753433228,1.584769368171692,0.00017147934312877273
4128,1878.5098719596863,1.6848809719085693,0.00017132014812461227
4129,1878.952437877655,1.6909701824188232,0.00017116111533487026
4130,1879.403414964676,1.6686090230941772,0.00017100224482767112
4131,1879.8470256328583,1.7489993572235107,0.00017084353667107
4132,1880.2934982776642,1.7076382637023926,0.00017068499093305246
4133,1880.738496541977,1.739267349243164,0.0001705266076815346
4134,1881.1806967258453,1.7404009103775024,0.00017036838698436248
4135,1881.6282124519348,1.5899137258529663,0.00017021032890931305
4136,1882.0752773284912,1.6575419902801514,0.00017005243352409332
4137,1882.525672197342,1.8140636682510376,0.00016989470089634053
4138,1882.9750261306763,1.6905450820922852,0.00016973713109362239
4139,1883.4222147464752,1.5510393381118774,0.0001695797241834368
4140,1883.8780097961426,1.7096798419952393,0.00016942248023321205
4141,1884.3250753879547,1.6269605159759521,0.00016926539931030627
4142,1884.7699556350708,1.682382345199585,0.00016910848148200786
4143,1885.2180087566376,1.633545160293579,0.00016895172681553574
4144,1885.662956237793,1.7270725965499878,0.00016879513537803838
4145,1886.1085455417633,1.760359764099121,0.00016863870723659452
4146,1886.556766986847,1.659131646156311,0.00016848244245821315
4147,1887.0027663707733,1.6460959911346436,0.0001683263411098332
4148,1887.4474635124207,1.6332545280456543,0.0001681704032583234
4149,1887.8962371349335,1.5612587928771973,0.00016801462897048254
4150,1888.3407621383667,1.6478276252746582,0.00016785901831303955
4151,1888.788245677948,1.6772422790527344,0.00016770357135265288
4152,1889.233630180359,1.7087931632995605,0.0001675482881559113
4153,1889.6787567138672,1.681311845779419,0.000167393168789333
4154,1890.126113653183,1.5850214958190918,0.00016723821331936627
4155,1890.5687057971954,1.614555835723877,0.00016708342181238905
4156,1891.0166275501251,1.6891453266143799,0.00016692879433470917
4157,1891.4602265357971,1.6703903675079346,0.0001667743309525642
4158,1891.9038758277893,1.7144854068756104,0.0001666200317321212
4159,1892.3514091968536,1.676805019378662,0.0001664658967394771
4160,1892.7950315475464,1.669248104095459,0.00016631192604065853
4161,1893.242938041687,1.547415018081665,0.00016615811970162146
4162,1893.69118642807,1.657453179359436,0.00016600447778825187
4163,1894.1360776424408,1.7077893018722534,0.00016585100036636482
4164,1894.5801558494568,1.637557029724121,0.00016569768750170546
4165,1895.0262985229492,1.6199703216552734,0.00016554453925994784
4166,1895.4712719917297,1.7534244060516357,0.00016539155570669594
4167,1895.9160740375519,1.7489149570465088,0.00016523873690748317
4168,1896.3624987602234,1.7001659870147705,0.00016508608292777201
4169,1896.8049399852753,1.6845744848251343,0.00016493359383295473
4170,1897.2648177146912,1.6405540704727173,0.0001647812696883529
4171,1897.7093665599823,1.7200572490692139,0.00016462911055921718
4172,1898.1514401435852,1.6572043895721436,0.00016447711651072772
4173,1898.5936636924744,1.7372926473617554,0.00016432528760799392
4174,1899.0416910648346,1.6066827774047852,0.00016417362391605466
4175,1899.48783493042,1.6071529388427734,0.0001640221254998776
4176,1899.930202960968,1.6559900045394897,0.00016387079242435995
4177,1900.3780632019043,1.6556657552719116,0.0001637196247543281
4178,1900.826551437378,1.5710580348968506,0.00016356862255453725
4179,1901.2826917171478,1.68300199508667,0.0001634177858896722
4180,1901.72665309906,1.6340038776397705,0.0001632671148243463
4181,1902.168349981308,1.7759757041931152,0.00016311660942310255
4182,1902.6127126216888,1.582181692123413,0.00016296626975041245
4183,1903.0592131614685,1.603196382522583,0.00016281609587067675
4184,1903.5024716854095,1.737962245941162,0.00016266608784822542
4185,1903.9519097805023,1.7126977443695068,0.00016251624574731684
4186,1904.3966071605682,1.7294846773147583,0.00016236656963213866
4187,1904.8402314186096,1.6452856063842773,0.00016221705956680763
4188,1905.2863500118256,1.515039086341858,0.00016206771561536883
4189,1905.7356815338135,1.7192161083221436,0.00016191853784179653
4190,1906.1833581924438,1.7333934307098389,0.00016176952630999366
4191,1906.6311264038086,1.6564799547195435,0.00016162068108379232
4192,1907.07359623909,1.7401103973388672,0.00016147200222695277
4193,1907.517903327942,1.7702815532684326,0.00016132348980316444
4194,1907.969839811325,1.673884391784668,0.0001611751438760454
4195,1908.4136283397675,1.6479623317718506,0.00016102696450914216
4196,1908.8560411930084,1.659371018409729,0.00016087895176593027
4197,1909.29873585701,1.6611669063568115,0.00016073110570981344
4198,1909.7408957481384,1.7083840370178223,0.00016058342640412447
4199,1910.1866483688354,1.724817156791687,0.00016043591391212426
4200,1910.636790752411,1.6584506034851074,0.00016028856829700258
4201,1911.081964969635,1.6713171005249023,0.0001601413896218777
4202,1911.5246551036835,1.7263685464859009,0.00015999437794979616
4203,1911.9757041931152,1.703454852104187,0.00015984753334373307
4204,1912.424883365631,1.72224760055542,0.00015970085586659218
4205,1912.8728139400482,1.7271769046783447,0.00015955434558120526
4206,1913.319008588791,1.706047534942627,0.0001594080025503327
4207,1913.7698945999146,1.6324337720870972,0.00015926182683666322
4208,1914.2160942554474,1.7221654653549194,0.000159115818502814
4209,1914.662802696228,1.545324444770813,0.00015896997761133012
4210,1915.1087627410889,1.6418765783309937,0.00015882430422468533
4211,1915.55295920372,1.6621811389923096,0.00015867879840528155
4212,1915.9950485229492,1.6615793704986572,0.00015853346021544868
4213,1916.444923877716,1.618051290512085,0.0001583882897174451
4214,1916.8883278369904,1.6182563304901123,0.00015824328697345717
4215,1917.3328156471252,1.6833422183990479,0.00015809845204559956
4216,1917.7801294326782,1.7221472263336182,0.0001579537849959148
4217,1918.2251212596893,1.651829719543457,0.00015780928588637376
4218,1918.6697461605072,1.697251319885254,0.00015766495477887528
4219,1919.120807647705,1.7708067893981934,0.00015752079173524615
4220,1919.564879655838,1.6932580471038818,0.0001573767968172413
4221,1920.016604423523,1.5155361890792847,0.00015723297008654358
4222,1920.4589536190033,1.696446418762207,0.00015708931160476376
4223,1920.9072835445404,1.7287259101867676,0.00015694582143344063
4224,1921.3528134822845,1.6106476783752441,0.00015680249963404068
4225,1921.8042178153992,1.6968401670455933,0.0001566593462679586
4226,1922.2466821670532,1.6768555641174316,0.00015651636139651654
4227,1922.6912925243378,1.7641407251358032,0.0001563735450809648
4228,1923.1387903690338,1.62721586227417,0.00015623089738248146
4229,1923.5811076164246,1.7343734502792358,0.000156088418362172
4230,1924.032680273056,1.729292631149292,0.0001559461080810701
4231,1924.4766929149628,1.5887377262115479,0.00015580396660013694
4232,1924.9204308986664,1.6497433185577393,0.0001556619939802615
4233,1925.3676314353943,1.6003350019454956,0.00015552019028226003
4234,1925.8135101795197,1.7268747091293335,0.00015537855556687694
4235,1926.2611956596375,1.696385145187378,0.00015523708989478418
4236,1926.7083656787872,1.693544626235962,0.00015509579332658087
4237,1927.1631300449371,1.6107690334320068,0.00015495466592279407
4238,1927.6066114902496,1.6263823509216309,0.00015481370774387832
4239,1928.049039363861,1.6449617147445679,0.0001546729188502157
4240,1928.4964785575867,1.6547276973724365,0.00015453229930211562
4241,1928.9389040470123,1.629347562789917,0.00015439184915981493
4242,1929.3924276828766,1.7036975622177124,0.0001542515684834782
4243,1929.8479816913605,1.613253116607666,0.000154111457333197
4244,1930.2943630218506,1.7348307371139526,0.00015397151576899062
4245,1930.7376878261566,1.764857292175293,0.00015383174385080566
4246,1931.1853621006012,1.5940548181533813,0.00015369214163851578
4247,1931.633594751358,1.621248483657837,0.00015355270919192225
4248,1932.075867176056,1.6680996417999268,0.00015341344657075352
4249,1932.5235922336578,1.6259398460388184,0.00015327435383466525
4250,1932.9647402763367,1.676426649093628,0.0001531354310432403
4251,1933.4088521003723,1.687679648399353,0.00015299667825598875
4252,1933.8530328273773,1.6239254474639893,0.00015285809553234806
4253,1934.297875404358,1.6742451190948486,0.00015271968293168245
4254,1934.7413120269775,1.6233727931976318,0.00015258144051328361
4255,1935.1849205493927,1.791966438293457,0.00015244336833637018
4256,1935.6282131671906,1.561861276626587,0.00015230546646008794
4257,1936.0706815719604,1.7654247283935547,0.00015216773494350968
4258,1936.516518354416,1.73195481300354,0.00015203017384563504
4259,1936.9628710746765,1.6912728548049927,0.00015189278322539103
4260,1937.417381286621,1.668529987335205,0.0001517555631416312
4261,1937.867775440216,1.6998547315597534,0.00015161851365313642
4262,1938.311433315277,1.6786811351776123,0.00015148163481861447
4263,1938.755672454834,1.6504141092300415,0.00015134492669669955
4264,1939.199810743332,1.7566163539886475,0.00015120838934595338
4265,1939.6479153633118,1.6866161823272705,0.00015107202282486416
4266,1940.0996696949005,1.676129698753357,0.0001509358271918469
4267,1940.5437393188477,1.6227867603302002,0.00015079980250524348
4268,1940.9881346225739,1.6747913360595703,0.00015066394882332258
4269,1941.4291813373566,1.6462714672088623,0.00015052826620427965
4270,1941.8720073699951,1.6441751718521118,0.00015039275470623675
4271,1942.314564704895,1.6843831539154053,0.00015025741438724267
4272,1942.7615807056427,1.7036750316619873,0.00015012224530527299
4273,1943.2054545879364,1.6199076175689697,0.0001499872475182299
4274,1943.6521368026733,1.6605699062347412,0.00014985242108394206
4275,1944.0985236167908,1.7539786100387573,0.00014971776606016482
4276,1944.5453326702118,1.7372514009475708,0.00014958328250458018
4277,1944.9936459064484,1.5099493265151978,0.00014944897047479652
4278,1945.4372999668121,1.6528480052947998,0.00014931483002834892
4279,1945.8860921859741,1.6710431575775146,0.000149180861222699
4280,1946.332615852356,1.579829216003418,0.0001490470641152345
4281,1946.7775523662567,1.6620731353759766,0.00014891343876326997
4282,1947.2214143276215,1.6766676902770996,0.00014877998522404637
4283,1947.6666877269745,1.5761816501617432,0.00014864670355473072
4284,1948.115541934967,1.6907193660736084,0.00014851359381241696
4285,1948.5645697116852,1.6905665397644043,0.00014838065605412472
4286,1949.0092260837555,1.7539374828338623,0.00014824789033680066
4287,1949.4536242485046,1.6847139596939087,0.00014811529671731713
4288,1949.8972072601318,1.5590391159057617,0.0001479828752524731
4289,1950.3406310081482,1.5223278999328613,0.0001478506259989938
4290,1950.7875769138336,1.6866250038146973,0.00014771854901353054
4291,1951.2306866645813,1.719870924949646,0.00014758664435266092
4292,1951.6802244186401,1.6568373441696167,0.00014745491207288875
4293,1952.124198436737,1.584954857826233,0.00014732335223064394
4294,1952.571813583374,1.763329029083252,0.00014719196488228238
4295,1953.021090745926,1.6217364072799683,0.0001470607500840864
4296,1953.4684867858887,1.6986026763916016,0.0001469297078922642
4297,1953.9101490974426,1.604752779006958,0.0001467988383629502
4298,1954.3552684783936,1.7351176738739014,0.00014666814155220458
4299,1954.802479982376,1.810653805732727,0.0001465376175160138
4300,1955.2448921203613,1.560253381729126,0.0001464072663102903
4301,1955.6920804977417,1.654134750366211,0.00014627708799087226
4302,1956.1359972953796,1.6139659881591797,0.00014614708261352383
4303,1956.5766084194183,1.7314016819000244,0.00014601725023393548
4304,1957.0206317901611,1.622270107269287,0.00014588759090772302
4305,1957.4689273834229,1.6984338760375977,0.00014575810469042843
4306,1957.9165024757385,1.8766095638275146,0.0001456287916375196
4307,1958.3584067821503,1.5267504453659058,0.0001454996518043902
4308,1958.8066670894623,1.6747208833694458,0.00014537068524635933
4309,1959.2544314861298,1.6052324771881104,0.00014524189201867244
4310,1959.6966190338135,1.650378942489624,0.00014511327217650043
4311,1960.1397154331207,1.6368088722229004,0.00014498482577493977
4312,1960.582726240158,1.7298696041107178,0.00014485655286901292
4313,1961.0267765522003,1.7200727462768555,0.00014472845351366797
4314,1961.4720776081085,1.6586533784866333,0.00014460052776377863
4315,1961.917396068573,1.6750741004943848,0.0001444727756741441
4316,1962.3636162281036,1.6098637580871582,0.0001443451972994894
4317,1962.807508945465,1.6434271335601807,0.0001442177926944651
4318,1963.2492771148682,1.6423372030258179,0.0001440905619136473
4319,1963.6943938732147,1.7682342529296875,0.00014396350501153738
4320,1964.1378092765808,1.656362533569336,0.00014383662204256283
4321,1964.5822455883026,1.5993424654006958,0.00014370991306107597
4322,1965.0232605934143,1.740825891494751,0.00014358337812135502
4323,1965.4678511619568,1.617490291595459,0.00014345701727760357
4324,1965.9119386672974,1.7295937538146973,0.00014333083058395066
4325,1966.3582727909088,1.6948916912078857,0.0001432048180944505
4326,1966.804095506668,1.58393132686615,0.00014307897986308297
4327,1967.2511286735535,1.6727404594421387,0.00014295331594375312
4328,1967.699910402298,1.698878526687622,0.0001428278263902913
4329,1968.144573688507,1.5670828819274902,0.00014270251125645325
4330,1968.5893185138702,1.5949325561523438,0.00014257737059592012
4331,1969.0345695018768,1.7019259929656982,0.00014245240446229818
4332,1969.4797432422638,1.6803982257843018,0.0001423276129091189
4333,1969.9267060756683,1.5711851119995117,0.0001422029959898389
4334,1970.368967294693,1.7104721069335938,0.0001420785537578404
4335,1970.8158054351807,1.6828323602676392,0.00014195428626643034
4336,1971.2626531124115,1.6584550142288208,0.00014183019356884082
4337,1971.7132518291473,1.6761316061019897,0.00014170627571822946
4338,1972.157520532608,1.671720266342163,0.0001415825327676785
4339,1972.6125831604004,1.729429006576538,0.0001414589647701956
4340,1973.057834148407,1.626360535621643,0.00014133557177871338
4341,1973.5010013580322,1.6164003610610962,0.00014121235384608957
4342,1973.945837020874,1.7242767810821533,0.0001410893110251066
4343,1974.391208410263,1.7441366910934448,0.00014096644336847233
4344,1974.8380751609802,1.8682667016983032,0.00014084375092881916
4345,1975.296991109848,1.7224888801574707,0.00014072123375870484
4346,1975.7429740428925,1.6771317720413208,0.00014059889191061155
4347,1976.1918535232544,1.7263710498809814,0.0001404767254369469
4348,1976.6378417015076,1.7380449771881104,0.00014035473439004306
4349,1977.085212469101,1.5603053569793701,0.00014023291882215704
4350,1977.5337176322937,1.662015676498413,0.00014011127878547084
4351,1977.979324579239,1.7283846139907837,0.00013998981433209127
4352,1978.427322626114,1.6217386722564697,0.00013986852551404962
4353,1978.8756053447723,1.6776573657989502,0.0001397474123833024
4354,1979.3212869167328,1.589079737663269,0.0001396264749917305
4355,1979.7677257061005,1.6711360216140747,0.00013950571339113956
4356,1980.2123460769653,1.7025431394577026,0.0001393851276332602
4357,1980.6636865139008,1.6681227684020996,0.00013926471776974742
4358,1981.1078910827637,1.6482720375061035,0.00013914448385218107
4359,1981.553145647049,1.70322847366333,0.00013902442593206543
4360,1981.9970235824585,1.6314715147018433,0.00013890454406082956
4361,1982.447408914566,1.6684489250183105,0.0001387848382898271
4362,1982.8918838500977,1.7473562955856323,0.00013866530867033615
4363,1983.3382291793823,1.6368868350982666,0.00013854595525355931
4364,1983.7868604660034,1.6104364395141602,0.00013842677809062387
4365,1984.2368876934052,1.6792876720428467,0.00013830777723258166
4366,1984.6813695430756,1.765185832977295,0.0001381889527304086
4367,1985.1256999969482,1.7469723224639893,0.00013807030463500552
4368,1985.5699224472046,1.5319615602493286,0.00013795183299719754
4369,1986.0150446891785,1.6217312812805176,0.00013783353786773401
4370,1986.4593069553375,1.6703386306762695,0.00013771541929728887
4371,1986.905838727951,1.5986584424972534,0.0001375974773364603
4372,1987.3537664413452,1.683671236038208,0.00013747971203577103
4373,1987.7987780570984,1.71660578250885,0.0001373621234456678
4374,1988.2451062202454,1.6158692836761475,0.0001372447116165219
4375,1988.6901383399963,1.6320672035217285,0.00013712747659862893
4376,1989.1370997428894,1.6165226697921753,0.0001370104184422085
4377,1989.58416223526,1.6876338720321655,0.00013689353719740463
4378,1990.035234451294,1.6066235303878784,0.00013677683291428566
4379,1990.4854989051819,1.6339938640594482,0.00013666030564284386
4380,1990.9302508831024,1.5307822227478027,0.00013654395543299583
4381,1991.3746328353882,1.664678692817688,0.00013642778233458226
4382,1991.8240284919739,1.5904473066329956,0.0001363117863973682
4383,1992.2716569900513,1.694348692893982,0.0001361959676710424
4384,1992.719211101532,1.7175877094268799,0.00013608032620521804
4385,1993.1684753894806,1.6386367082595825,0.00013596486204943235
4386,1993.6216795444489,1.7678451538085938,0.00013584957525314626
4387,1994.0729324817657,1.7224345207214355,0.00013573446586574522
4388,1994.5194416046143,1.7449026107788086,0.00013561953393653823
4389,1994.970109462738,1.7692503929138184,0.00013550477951475862
4390,1995.420988559723,1.6679503917694092,0.0001353902026495634
4391,1995.874657869339,1.6793816089630127,0.00013527580339003377
4392,1996.322715997696,1.7374144792556763,0.00013516158178517482
4393,1996.7668538093567,1.6152455806732178,0.00013504753788391526
4394,1997.2118332386017,1.668547511100769,0.00013493367173510792
4395,1997.6621453762054,1.6400604248046875,0.00013481998338752955
4396,1998.1068823337555,1.6422144174575806,0.0001347064728898806
4397,1998.5565872192383,1.57774019241333,0.00013459314029078525
4398,1999.003457069397,1.6025302410125732,0.00013447998563879165
4399,1999.4509439468384,1.652381420135498,0.00013436700898237174
4400,1999.8988304138184,1.73248291015625,0.00013425421036992097
4401,2000.3443319797516,1.60202956199646,0.00013414158984975877
4402,2000.7893657684326,1.6342287063598633,0.00013402914747012826
4403,2001.2413668632507,1.756380558013916,0.00013391688327919605
4404,2001.6902799606323,1.6467456817626953,0.00013380479732505262
4405,2002.136349439621,1.7936475276947021,0.0001336928896557121
4406,2002.5866916179657,1.697291374206543,0.00013358116031911212
4407,2003.0365419387817,1.6649034023284912,0.00013346960936311392
4408,2003.481273651123,1.7125623226165771,0.00013335823683550236
4409,2003.9366714954376,1.6506123542785645,0.0001332470427839861
4410,2004.3816952705383,1.6308547258377075,0.00013313602725619687
4411,2004.825522184372,1.6126691102981567,0.0001330251902996904
4412,2005.2725241184235,1.679342269897461,0.00013291453196194564
4413,2005.7180893421173,1.6199654340744019,0.0001328040522903651
4414,2006.1658954620361,1.6297228336334229,0.00013269375133227485
4415,2006.6102595329285,1.5718913078308105,0.0001325836291349242
4416,2007.05393242836,1.6460597515106201,0.00013247368574548606
4417,2007.5069901943207,1.7143406867980957,0.00013236392121105664
4418,2007.9506301879883,1.7120462656021118,0.00013225433557865557
4419,2008.3988347053528,1.7017452716827393,0.00013214492889522598
4420,2008.848735332489,1.6187914609909058,0.0001320357012076341
4421,2009.2954914569855,1.6899316310882568,0.00013192665256266963
4422,2009.7435936927795,1.574926733970642,0.00013181778300704557
4423,2010.185691833496,1.685488224029541,0.0001317090925873982
4424,2010.6335413455963,1.7331843376159668,0.0001316005813502869
4425,2011.0775747299194,1.5924924612045288,0.00013149224934219458
4426,2011.5242369174957,1.7934536933898926,0.0001313840966095272
4427,2011.9656631946564,1.5771242380142212,0.00013127612319861393
4428,2012.4181687831879,1.7126634120941162,0.0001311683291557071
4429,2012.8646833896637,1.805405855178833,0.00013106071452698243
4430,2013.32368683815,1.6985437870025635,0.0001309532793585384
4431,2013.7782924175262,1.6960257291793823,0.000130846023696397
4432,2014.2255508899689,1.6964011192321777,0.000130738947586503
4433,2014.6678562164307,1.6186532974243164,0.00013063205107472455
4434,2015.115802526474,1.7003350257873535,0.00013052533420685253
4435,2015.5613276958466,1.635125994682312,0.00013041879702860114
4436,2016.0113229751587,1.645992398262024,0.0001303124395856077
4437,2016.4559082984924,1.662065863609314,0.0001302062619234321
4438,2016.9045042991638,1.6456263065338135,0.00013010026408755759
4439,2017.3532326221466,1.6888689994812012,0.0001299944461233903
4440,2017.8007469177246,1.652820110321045,0.00012988880807625927
4441,2018.2486975193024,1.6200246810913086,0.00012978334999141642
4442,2018.696114063263,1.5600333213806152,0.00012967807191403667
4443,2019.1420187950134,1.6418888568878174,0.0001295729738892179
4444,2019.5898461341858,1.621403455734253,0.00012946805596198062
4445,2020.0371143817902,1.7446680068969727,0.0001293633181772684
4446,2020.4805221557617,1.5671606063842773,0.00012925876057994762
4447,2020.9244141578674,1.7339882850646973,0.00012915438321480744
4448,2021.3761868476868,1.667987585067749,0.00012905018612655974
4449,2021.826427936554,1.6756101846694946,0.00012894616935983923
4450,2022.272428035736,1.6626427173614502,0.0001288423329592035
4451,2022.717097043991,1.759239912033081,0.00012873867696913262
4452,2023.1628613471985,1.6681891679763794,0.00012863520143402955
4453,2023.6073412895203,1.6117926836013794,0.0001285319063982201
4454,2024.0537266731262,1.6121500730514526,0.00012842879190595236
4455,2024.500140428543,1.7568433284759521,0.0001283258580013974
4456,2024.9463906288147,1.5976979732513428,0.00012822310472864886
4457,2025.3910450935364,1.5700030326843262,0.00012812053213172292
4458,2025.8358035087585,1.6297502517700195,0.00012801814025455846
4459,2026.2843906879425,1.645965337753296,0.00012791592914101685
4460,2026.7280151844025,1.7139832973480225,0.00012781389883488218
4461,2027.1765065193176,1.700322151184082,0.0001277120493798609
4462,2027.6199028491974,1.6067850589752197,0.0001276103808195821
4463,2028.0692646503448,1.6708979606628418,0.0001275088931975974
4464,2028.5162053108215,1.593158483505249,0.0001274075865573809
4465,2028.965208530426,1.6621956825256348,0.00012730646094232906
4466,2029.4097683429718,1.7248895168304443,0.00012720551639576098
4467,2029.8559584617615,1.6115901470184326,0.00012710475296091802
4468,2030.3082268238068,1.616687536239624,0.00012700417068096397
4469,2030.7516868114471,1.5250353813171387,0.00012690376959898517
4470,2031.201293706894,1.832789659500122,0.00012680354975799036
4471,2031.6449995040894,1.6634039878845215,0.00012670351120091033
4472,2032.0929534435272,1.6591475009918213,0.00012660365397059855
4473,2032.5381515026093,1.6976549625396729,0.0001265039781098306
4474,2032.9866397380829,1.6643030643463135,0.00012640448366130457
4475,2033.4312546253204,1.6518678665161133,0.0001263051706676407
4476,2033.8767492771149,1.6607322692871094,0.00012620603917138135
4477,2034.3284533023834,1.6325328350067139,0.00012610708921499157
4478,2034.7795267105103,1.6991298198699951,0.0001260083208408581
4479,2035.2226510047913,1.5594788789749146,0.00012590973409129034
4480,2035.6673307418823,1.7277910709381104,0.0001258113290085197
4481,2036.113380432129,1.6920933723449707,0.00012571310563469983
4482,2036.560346364975,1.5883227586746216,0.00012561506401190643
4483,2037.0034549236298,1.6544913053512573,0.00012551720418213746
4484,2037.452838420868,1.7753678560256958,0.00012541952618731295
4485,2037.8954973220825,1.6140718460083008,0.000125322030069275
4486,2038.3414371013641,1.6844632625579834,0.00012522471586978788
4487,2038.7890887260437,1.6890029907226562,0.000125127583630538
4488,2039.2390871047974,1.728529691696167,0.00012503063339313356
4489,2039.6820056438446,1.6479220390319824,0.00012493386519910505
4490,2040.128633260727,1.6585264205932617,0.00012483727908990487
4491,2040.5725009441376,1.621152639389038,0.00012474087510690749
4492,2041.0196166038513,1.7409759759902954,0.00012464465329140934
4493,2041.4634065628052,1.6474696397781372,0.00012454861368462865
4494,2041.909485578537,1.7143311500549316,0.00012445275632770583
4495,2042.3521091938019,1.5716042518615723,0.0001243570812617031
4496,2042.8002128601074,1.6597301959991455,0.00012426158852760463
4497,2043.2499475479126,1.5359606742858887,0.00012416627816631641
4498,2043.6913917064667,1.6889300346374512,0.00012407115021866657
4499,2044.1383390426636,1.65411376953125,0.00012397620472540469
4500,2044.5975568294525,1.640184760093689,0.0001238814417272025
4501,2048.323384284973,1.593165636062622,0.00012378686126465345
4502,2048.7661650180817,1.671694040298462,0.0001236924633782727
4503,2049.210853099823,1.6704981327056885,0.00012359824810849742
4504,2049.6623656749725,1.6735897064208984,0.0001235042154956865
4505,2050.104854106903,1.6334724426269531,0.00012341036558012036
4506,2050.552311182022,1.679483413696289,0.00012331669840200135
4507,2051.0043971538544,1.6313164234161377,0.00012322321400145362
4508,2051.4498579502106,1.6332080364227295,0.00012312991241852293
4509,2051.89737868309,1.6462268829345703,0.00012303679369317662
4510,2052.345936059952,1.6639381647109985,0.00012294385786530378
4511,2052.7940492630005,1.6448280811309814,0.00012285110497471525
4512,2053.24632024765,1.6501693725585938,0.0001227585350611433
4513,2053.696301460266,1.7068414688110352,0.00012266614816424203
4514,2054.1465694904327,1.7460393905639648,0.00012257394432358703
4515,2054.59415435791,1.5924961566925049,0.00012248192357867558
4516,2055.0463576316833,1.694704532623291,0.00012239008596892634
4517,2055.492067337036,1.5919930934906006,0.00012229843153367963
4518,2055.940931558609,1.669771671295166,0.0001222069603121973
4519,2056.3914918899536,1.607994794845581,0.00012211567234366285
4520,2056.856509447098,1.6216273307800293,0.00012202456766718092
4521,2057.3060517311096,1.63154935836792,0.00012193364632177796
4522,2057.7557570934296,1.6388524770736694,0.00012184290834640191
4523,2058.2032067775726,1.708266258239746,0.00012175235377992178
4524,2058.6511244773865,1.7487916946411133,0.00012166198266112849
4525,2059.0938036441803,1.6348135471343994,0.00012157179502873408
4526,2059.539725780487,1.6061244010925293,0.00012148179092137204
4527,2059.9866802692413,1.6390235424041748,0.00012139197037759738
4528,2060.432919740677,1.733944058418274,0.00012130233343588621
4529,2060.881855249405,1.6711753606796265,0.00012121288013463625
4530,2061.328191280365,1.756292700767517,0.00012112361051216637
4531,2061.7790715694427,1.6108578443527222,0.00012103452460671688
4532,2062.228797197342,1.68565833568573,0.00012094562245644946
4533,2062.6755266189575,1.6763715744018555,0.00012085690409944681
4534,2063.1215648651123,1.664252758026123,0.0001207683695737131
4535,2063.5692975521088,1.6873441934585571,0.00012068001891717382
4536,2064.0147910118103,1.5958819389343262,0.00012059185216767543
4537,2064.4641416072845,1.654923439025879,0.00012050386936298584
4538,2064.9171376228333,1.618572473526001,0.00012041607054079402
4539,2065.390543460846,1.6393539905548096,0.00012032845573871035
4540,2065.84118103981,1.6936287879943848,0.00012024102499426602
4541,2066.293532371521,1.6551756858825684,0.00012015377834491371
4542,2066.7430896759033,1.751719355583191,0.00012006671582802717
4543,2067.2023978233337,1.589906930923462,0.00011997983748090107
4544,2067.651039838791,1.6853538751602173,0.00011989314334075144
4545,2068.0938053131104,1.6784470081329346,0.00011980663344471534
4546,2068.54411816597,1.5307953357696533,0.00011972030782985065
4547,2068.990826845169,1.6168980598449707,0.00011963416653313666
4548,2069.436683654785,1.6965512037277222,0.0001195482095914736
4549,2069.88827252388,1.6838412284851074,0.00011946243704168264
4550,2070.337849378586,1.6449743509292603,0.00011937684892050602
4551,2070.7876965999603,1.6406850814819336,0.00011929144526460697
4552,2071.244066476822,1.6496875286102295,0.00011920622611056974
4553,2071.691956758499,1.6665630340576172,0.0001191211914948995
4554,2072.1362957954407,1.7977491617202759,0.00011903634145402233
4555,2072.5861394405365,1.7396657466888428,0.00011895167602428525
4556,2073.034013032913,1.7077820301055908,0.0001188671952419564
4557,2073.4821693897247,1.5545053482055664,0.00011878289914322452
4558,2073.9305231571198,1.5749989748001099,0.00011869878776419942
4559,2074.379385948181,1.5547189712524414,0.00011861486114091182
4560,2074.8267204761505,1.593397855758667,0.00011853111930931313
4561,2075.288803100586,1.693306565284729,0.00011844756230527575
4562,2075.7338452339172,1.7810051441192627,0.00011836419016459278
4563,2076.1803493499756,1.7455739974975586,0.00011828100292297823
4564,2076.627154827118,1.6673705577850342,0.00011819800061606682
4565,2077.073030948639,1.7193269729614258,0.00011811518327941418
4566,2077.5175461769104,1.6224510669708252,0.00011803255094849661
4567,2077.964791536331,1.6302828788757324,0.00011795010365871115
4568,2078.4080941677094,1.6207220554351807,0.00011786784144537563
4569,2078.849636554718,1.6495401859283447,0.00011778576434372857
4570,2079.2970955371857,1.694324254989624,0.00011770387238892917
4571,2079.74662899971,1.6155955791473389,0.00011762216561605727
4572,2080.196012020111,1.7510029077529907,0.0001175406440601136
4573,2080.649838924408,1.6575134992599487,0.00011745930775601935
4574,2081.098002433777,1.7714605331420898,0.00011737815673861632
4575,2081.545696735382,1.5889241695404053,0.0001172971910426671
4576,2081.9887821674347,1.6713051795959473,0.0001172164107028549
4577,2082.43323469162,1.5914015769958496,0.00011713581575378333
4578,2082.880211830139,1.6379189491271973,0.00011705540622997683
4579,2083.33247590065,1.706235647201538,0.00011697518216588007
4580,2083.7844750881195,1.5902676582336426,0.00011689514359585878
4581,2084.239438056946,1.5745394229888916,0.00011681529055419866
4582,2084.684562444687,1.6789186000823975,0.00011673562307510639
4583,2085.1330041885376,1.6273558139801025,0.00011665614119270898
4584,2085.5792870521545,1.6213330030441284,0.00011657684494105385
4585,2086.028913259506,1.628908395767212,0.00011649773435410904
4586,2086.4756762981415,1.6313766241073608,0.00011641880946576306
4587,2086.918135404587,1.5503956079483032,0.0001163400703098248
4588,2087.370480775833,1.6265947818756104,0.00011626151692002361
4589,2087.8202941417694,1.610905408859253,0.00011618314933000917
4590,2088.2672669887543,1.5662983655929565,0.00011610496757335183
4591,2088.7112505435944,1.6857551336288452,0.00011602697168354206
4592,2089.1568145751953,1.717299222946167,0.00011594916169399086
4593,2089.602686882019,1.6525921821594238,0.00011587153763802961
4594,2090.0557959079742,1.5395095348358154,0.00011579409954890982
4595,2090.5160582065582,1.6535820960998535,0.00011571684745980368
4596,2090.974137067795,1.6654610633850098,0.0001156397814038035
4597,2091.4480221271515,1.7044426202774048,0.00011556290141392189
4598,2091.8967826366425,1.6982795000076294,0.00011548620752309174
4599,2092.349728345871,1.6385403871536255,0.00011540969976416639
4600,2092.797142982483,1.723793387413025,0.00011533337816991932
4601,2093.2454159259796,1.714199185371399,0.00011525724277304415
4602,2093.689194917679,1.6671061515808105,0.00011518129360615502
4603,2094.1405901908875,1.661238193511963,0.00011510553070178605
4604,2094.593465089798,1.6010785102844238,0.00011502995409239173
4605,2095.046526670456,1.6053775548934937,0.0001149545638103466
4606,2095.4997215270996,1.6546766757965088,0.0001148793598879455
4607,2095.9476873874664,1.5531288385391235,0.00011480434235740345
4608,2096.3931064605713,1.5993820428848267,0.00011472951125085547
4609,2096.838342666626,1.6772727966308594,0.00011465486660035685
4610,2097.281725883484,1.763169288635254,0.00011458040843788311
4611,2097.727243900299,1.640370488166809,0.00011450613679532963
4612,2098.1743154525757,1.6495065689086914,0.00011443205170451204
4613,2098.6219573020935,1.6836003065109253,0.00011435815319716614
4614,2099.063934326172,1.6322680711746216,0.00011428444130494759
4615,2099.5084569454193,1.6368886232376099,0.00011421091605943228
4616,2099.9526541233063,1.592430830001831,0.00011413757749211603
4617,2100.400539159775,1.6220479011535645,0.00011406442563441482
4618,2100.844572544098,1.6790492534637451,0.00011399146051766454
4619,2101.2914419174194,1.638965129852295,0.0001139186821731211
4620,2101.7434039115906,1.6896135807037354,0.00011384609063196058
4621,2102.1889600753784,1.6328098773956299,0.00011377368592527869
4622,2102.633118391037,1.626599669456482,0.00011370146808409143
4623,2103.0766282081604,1.6028004884719849,0.0001136294371393346
4624,2103.5213537216187,1.5786975622177124,0.00011355759312186396
4625,2103.9630291461945,1.6941030025482178,0.00011348593606245521
4626,2104.4097304344177,1.5985281467437744,0.00011341446599180395
4627,2104.8590581417084,1.609025001525879,0.00011334318294052577
4628,2105.3052406311035,1.6311006546020508,0.00011327208693915589
4629,2105.749260663986,1.62451171875,0.00011320117801814973
4630,2106.1966314315796,1.6807972192764282,0.00011313045620788237
4631,2106.638615131378,1.638187050819397,0.00011305992153864882
4632,2107.085430622101,1.627532958984375,0.00011298957404066382
4633,2107.530952692032,1.5434564352035522,0.00011291941374406202
4634,2107.9744386672974,1.6513752937316895,0.00011284944067889792
4635,2108.4157688617706,1.7371517419815063,0.0001127796548751457
4636,2108.862329006195,1.6833033561706543,0.00011271005636269935
4637,2109.3048219680786,1.7674258947372437,0.00011264064517137281
4638,2109.7512249946594,1.5711863040924072,0.0001125714213308995
4639,2110.1984174251556,1.6655151844024658,0.00011250238487093275
4640,2110.648806810379,1.6423377990722656,0.00011243353582104556
4641,2111.0954053401947,1.6524767875671387,0.00011236487421073073
4642,2111.5424284934998,1.6969587802886963,0.00011229640006940063
4643,2111.9890134334564,1.7382676601409912,0.00011222811342638751
4644,2112.4351556301117,1.5832726955413818,0.0001121600143109431
4645,2112.883474111557,1.6153005361557007,0.000112092102752239
4646,2113.3315303325653,1.6902573108673096,0.00011202437877936625
4647,2113.782299041748,1.536728858947754,0.00011195684242133578
4648,2114.231255054474,1.6823571920394897,0.00011188949370707788
4649,2114.678111076355,1.795325756072998,0.0001118223326654427
4650,2115.126609325409,1.6488198041915894,0.00011175535932519987
4651,2115.5685777664185,1.5963828563690186,0.00011168857371503866
4652,2116.01363158226,1.635770559310913,0.0001116219758635678
4653,2116.4564306735992,1.6535227298736572,0.00011155556579931582
4654,2116.8996062278748,1.7032350301742554,0.00011148934355073065
4655,2117.350123167038,1.6381491422653198,0.00011142330914617976
4656,2117.7977356910706,1.5902234315872192,0.00011135746261395021
4657,2118.2459602355957,1.6549744606018066,0.0001112918039822486
4658,2118.6908905506134,1.5432944297790527,0.00011122633327920094
4659,2119.1314833164215,1.5595790147781372,0.00011116105053285283
4660,2119.5786917209625,1.685854196548462,0.00011109595577116931
4661,2120.024266719818,1.617397427558899,0.00011103104902203495
4662,2120.4690549373627,1.6642543077468872,0.00011096633031325366
4663,2120.916276693344,1.6846671104431152,0.00011090179967254895
4664,2121.3662905693054,1.5933735370635986,0.00011083745712756366
4665,2121.813686132431,1.6546239852905273,0.00011077330270586017
4666,2122.264546394348,1.7615245580673218,0.00011070933643492008
4667,2122.710883617401,1.7126009464263916,0.00011064555834214457
4668,2123.155465364456,1.5977222919464111,0.00011058196845485414
4669,2123.6026453971863,1.627336859703064,0.00011051856680028867
4670,2124.0463831424713,1.7032217979431152,0.00011045535340560743
4671,2124.4914844036102,1.654753565788269,0.00011039232829788897
4672,2124.9448812007904,1.6380161046981812,0.00011032949150413137
4673,2125.3902912139893,1.6724441051483154,0.00011026684305125182
4674,2125.838633775711,1.6101291179656982,0.00011020438296608695
4675,2126.287269592285,1.596329689025879,0.0001101421112753927
4676,2126.7381172180176,1.6007400751113892,0.00011008002800584424
4677,2127.186098575592,1.6672580242156982,0.00011001813318403604
4678,2127.6320180892944,1.6022597551345825,0.00010995642683648199
4679,2128.0807461738586,1.6804046630859375,0.000109894908989615
4680,2128.5270431041718,1.5928797721862793,0.00010983357966978745
4681,2128.97155213356,1.7741570472717285,0.00010977243890327086
4682,2129.4168152809143,1.6464295387268066,0.00010971148671625602
4683,2129.862103700638,1.6465895175933838,0.00010965072313485282
4684,2130.30877327919,1.6655843257904053,0.00010959014818509049
4685,2130.7565746307373,1.6157166957855225,0.00010952976189291749
4686,2131.206097841263,1.6577486991882324,0.00010946956428420125
4687,2131.656003713608,1.5721194744110107,0.00010940955538472855
4688,2132.105000734329,1.6253687143325806,0.00010934973522020537
4689,2132.5568220615387,1.660207748413086,0.00010929010381625681
4690,2133.0020570755005,1.5905144214630127,0.00010923066119842688
4691,2133.4484193325043,1.7690415382385254,0.00010917140739217908
4692,2133.8963079452515,1.7046582698822021,0.00010911234242289578
4693,2134.34876036644,1.6861553192138672,0.00010905346631587852
4694,2134.7938027381897,1.8183032274246216,0.000108994779096348
4695,2135.239485025406,1.650385856628418,0.00010893628078944398
4696,2135.6855850219727,1.6171135902404785,0.00010887797142022522
4697,2136.135003089905,1.6109952926635742,0.00010881985101366956
4698,2136.580633163452,1.6541327238082886,0.00010876191959467406
4699,2137.031968355179,1.5788695812225342,0.00010870417718805466
4700,2137.481992483139,1.696844220161438,0.00010864662381854631
4701,2137.9264550209045,1.6109261512756348,0.00010858925951080312
4702,2138.3724579811096,1.6869127750396729,0.0001085320842893981
4703,2138.83199095726,1.7066287994384766,0.00010847509817882325
4704,2139.28852391243,1.6381721496582031,0.0001084183012034897
4705,2139.7391726970673,1.730366826057434,0.0001083616933877274
4706,2140.199608564377,1.805103063583374,0.00010830527475578543
4707,2140.65336060524,1.722094178199768,0.00010824904533183163
4708,2141.1043384075165,1.6329069137573242,0.00010819300513995293
4709,2141.5591099262238,1.6414250135421753,0.00010813715420415525
4710,2142.011048555374,1.6760847568511963,0.00010808149254836329
4711,2142.462625980377,1.6875388622283936,0.00010802602019642067
4712,2142.9127836227417,1.6231963634490967,0.00010797073717209013
4713,2143.3583323955536,1.6020116806030273,0.00010791564349905305
4714,2143.808407306671,1.5209904909133911,0.00010786073920090982
4715,2144.253915786743,1.6194634437561035,0.0001078060243011797
4716,2144.703136205673,1.6543340682983398,0.0001077514988233009
4717,2145.151170730591,1.650801420211792,0.0001076971627906303
4718,2145.596179962158,1.6841567754745483,0.0001076430162264438
4719,2146.042707681656,1.8477251529693604,0.00010758905915393601
4720,2146.489273548126,1.6089656352996826,0.00010753529159622048
4721,2146.9374158382416,1.658177375793457,0.00010748171357632942
4722,2147.39901471138,1.7395808696746826,0.00010742832511721406
4723,2147.8423039913177,1.684967041015625,0.00010737512624174432
4724,2148.288868188858,1.7221243381500244,0.00010732211697270884
4725,2148.7384929656982,1.6377841234207153,0.00010726929733281513
4726,2149.1845829486847,1.7668070793151855,0.00010721666734468953
4727,2149.6342079639435,1.5984368324279785,0.00010716422703087692
4728,2150.0798947811127,1.556280493736267,0.00010711197641384116
4729,2150.524969100952,1.620094895362854,0.00010705991551596472
4730,2150.9711453914642,1.6887366771697998,0.00010700804435954879
4731,2151.4277596473694,1.6825687885284424,0.00010695636296681337
4732,2151.8755974769592,1.6325527429580688,0.00010690487135989715
4733,2152.3185069561005,1.6359875202178955,0.00010685356956085746
4734,2152.761048555374,1.745226263999939,0.0001068024575916704
4735,2153.208493947983,1.6127063035964966,0.00010675153547423072
4736,2153.659945011139,1.5780994892120361,0.00010670080323035177
4737,2154.109842300415,1.5970611572265625,0.00010665026088176564
4738,2154.5570425987244,1.796341896057129,0.00010659990845012315
4739,2155.0166857242584,1.653552532196045,0.00010654974595699356
4740,2155.4658892154694,1.5795471668243408,0.00010649977342386502
4741,2155.9163858890533,1.629269003868103,0.00010644999087214412
4742,2156.361284971237,1.6465871334075928,0.00010640039832315607
4743,2156.8083658218384,1.5297337770462036,0.00010635099579814483
4744,2157.2522616386414,1.6779426336288452,0.00010630178331827282
4745,2157.6994762420654,1.7661807537078857,0.0001062527609046211
4746,2158.1476650238037,1.579038143157959,0.00010620392857818932
4747,2158.596334695816,1.7219058275222778,0.0001061552863598957
4748,2159.0454165935516,1.6701562404632568,0.00010610683427057706
4749,2159.4933800697327,1.5981132984161377,0.00010605857233098868
4750,2159.942704677582,1.6419646739959717,0.00010601050056180446
4751,2160.3943450450897,1.6864705085754395,0.0001059626189836168
4752,2160.8397595882416,1.6027092933654785,0.00010591492761693674
4753,2161.283730506897,1.7286146879196167,0.00010586742648219363
4754,2161.728979587555,1.5737545490264893,0.0001058201155997355
4755,2162.1754112243652,1.6766955852508545,0.00010577299498982883
4756,2162.6198694705963,1.6512300968170166,0.00010572606467265857
4757,2163.0649971961975,1.7234561443328857,0.00010567932466832821
4758,2163.509964466095,1.7590936422348022,0.00010563277499685962
4759,2163.9583690166473,1.58665132522583,0.0001055864156781933
4760,2164.4012145996094,1.8086705207824707,0.00010554024673218806
4761,2164.8483011722565,1.6380572319030762,0.00010549426817862113
4762,2165.294051885605,1.6232326030731201,0.00010544848003718842
4763,2165.7409374713898,1.7276759147644043,0.00010540288232750398
4764,2166.187690973282,1.6443499326705933,0.00010535747506910049
4765,2166.6367111206055,1.6733367443084717,0.00010531225828142893
4766,2167.0871815681458,1.5756804943084717,0.0001052672319838588
4767,2167.5332357883453,1.6669626235961914,0.00010522239619567791
4768,2167.980801820755,1.6259359121322632,0.0001051777509360924
4769,2168.4226608276367,1.6288185119628906,0.000105133296224227
4770,2168.8674626350403,1.668380618095398,0.00010508903207912467
4771,2169.313938856125,1.6790168285369873,0.0001050449585197468
4772,2169.7603023052216,1.5402384996414185,0.00010500107556497297
4773,2170.2048032283783,1.5265986919403076,0.00010495738323360131
4774,2170.650806427002,1.6366596221923828,0.00010491388154434829
4775,2171.095390319824,1.722461462020874,0.00010487057051584854
4776,2171.5418276786804,1.7578949928283691,0.00010482745016665526
4777,2171.992086172104,1.6203217506408691,0.00010478452051523973
4778,2172.4375097751617,1.7422096729278564,0.00010474178157999172
4779,2172.889079809189,1.6024580001831055,0.00010469923337921917
4780,2173.3332488536835,1.5838680267333984,0.0001046568759311484
4781,2173.7778561115265,1.6978871822357178,0.00010461470925392405
4782,2174.221753358841,1.5906304121017456,0.00010457273336560887
4783,2174.667674303055,1.727420449256897,0.00010453094828418408
4784,2175.1188819408417,1.6349313259124756,0.00010448935402754912
4785,2175.5639355182648,1.6269128322601318,0.0001044479506135215
4786,2176.0080976486206,1.664078950881958,0.00010440673805983729
4787,2176.4550609588623,1.5610136985778809,0.00010436571638415058
4788,2176.900416135788,1.57203209400177,0.00010432488560403371
4789,2177.351228952408,1.5565807819366455,0.00010428424573697731
4790,2177.7980592250824,1.6146509647369385,0.00010424379680039025
4791,2178.2466707229614,1.7193453311920166,0.00010420353881159955
4792,2178.6926159858704,1.7106983661651611,0.00010416347178785039
4793,2179.137764453888,1.6656582355499268,0.00010412359574630627
4794,2179.58270406723,1.7098039388656616,0.00010408391070404885
4795,2180.0285427570343,1.6767604351043701,0.00010404441667807786
4796,2180.4706189632416,1.6004345417022705,0.00010400511368531137
4797,2180.9187688827515,1.6841707229614258,0.00010396600174258543
4798,2181.363643169403,1.6227784156799316,0.00010392708086665447
4799,2181.811863183975,1.5177459716796875,0.00010388835107419091
4800,2182.257776260376,1.5848932266235352,0.00010384981238178534
4801,2182.7055191993713,1.6513198614120483,0.00010381146480594653
4802,2183.1547389030457,1.5282055139541626,0.00010377330836310134
4803,2183.6033504009247,1.6352092027664185,0.00010373534306959478
4804,2184.0492055416107,1.599975824356079,0.00010369756894169006
4805,2184.491174697876,1.6298282146453857,0.00010365998599556829
4806,2184.9386928081512,1.648970365524292,0.0001036225942473289
4807,2185.3866670131683,1.7384254932403564,0.00010358539371298927
4808,2185.8338146209717,1.6754542589187622,0.00010354838440848502
4809,2186.2856945991516,1.570397138595581,0.00010351156634966964
4810,2186.732459783554,1.666449785232544,0.00010347493955231483
4811,2187.183614253998,1.5344727039337158,0.00010343850403211045
4812,2187.6256284713745,1.704153060913086,0.00010340225980466424
4813,2188.0705029964447,1.6034795045852661,0.00010336620688550211
4814,2188.516257762909,1.7476143836975098,0.00010333034529006797
4815,2188.9653313159943,1.6941300630569458,0.00010329467503372377
4816,2189.4096853733063,1.7032843828201294,0.00010325919613174951
4817,2189.8545491695404,1.528196096420288,0.00010322390859934325
4818,2190.3056075572968,1.7237229347229004,0.00010318881245162109
4819,2190.7502222061157,1.6632380485534668,0.00010315390770361704
4820,2191.2014248371124,1.6573125123977661,0.00010311919437028317
4821,2191.643129825592,1.6744333505630493,0.00010308467246648962
4822,2192.0915989875793,1.7220511436462402,0.00010305034200702445
4823,2192.546643972397,1.6311924457550049,0.00010301620300659376
4824,2192.9916529655457,1.7468860149383545,0.00010298225547982161
4825,2193.434446811676,1.6678788661956787,0.00010294849944125004
4826,2193.8773210048676,1.571228265762329,0.00010291493490533906
4827,2194.321392774582,1.6700575351715088,0.0001028815618864666
4828,2194.767542362213,1.6816747188568115,0.00010284838039892868
4829,2195.21630525589,1.731809377670288,0.00010281539045693914
4830,2195.65899515152,1.6493715047836304,0.00010278259207462986
4831,2196.1011068820953,1.7546865940093994,0.00010274998526605062
4832,2196.546583175659,1.7753076553344727,0.00010271757004516919
4833,2196.9950177669525,1.6309528350830078,0.00010268534642587105
4834,2197.4439599514008,1.6223092079162598,0.00010265331442195997
4835,2197.8905732631683,1.6570711135864258,0.00010262147404715731
4836,2198.3336231708527,1.5205491781234741,0.00010258982531510259
4837,2198.7897827625275,1.518226146697998,0.00010255836823935298
4838,2199.2321588993073,1.6392221450805664,0.00010252710283338383
4839,2199.676613330841,1.660555362701416,0.00010249602911058816
4840,2200.126008749008,1.6652723550796509,0.00010246514708427702
4841,2200.5702526569366,1.6708229780197144,0.00010243445676767924
4842,2201.0119371414185,1.6261670589447021,0.0001024039581739416
4843,2201.4575757980347,1.7425835132598877,0.00010237365131612869
4844,2201.900679588318,1.677249789237976,0.00010234353620722309
4845,2202.343317270279,1.7099025249481201,0.00010231361286012512
4846,2202.7904341220856,1.661782145500183,0.00010228388128765293
4847,2203.239231824875,1.7190115451812744,0.00010225434150254262
4848,2203.684994459152,1.750079870223999,0.00010222499351744819
4849,2204.1299431324005,1.6372191905975342,0.00010219583734494123
4850,2204.579321861267,1.6679404973983765,0.00010216687299751144
4851,2205.0254094600677,1.6707870960235596,0.0001021381004875661
4852,2205.472226858139,1.577945590019226,0.00010210951982743058
4853,2205.9208431243896,1.6620903015136719,0.00010208113102934783
4854,2206.3707275390625,1.6774983406066895,0.00010205293410547872
4855,2206.8135464191437,1.645495891571045,0.00010202492906790194
4856,2207.2543568611145,1.6204302310943604,0.000101997115928614
4857,2207.6963329315186,1.5347073078155518,0.0001019694946995291
4858,2208.140459537506,1.6827846765518188,0.00010194206539247932
4859,2208.5826420783997,1.6489603519439697,0.0001019148280192145
4860,2209.0277378559113,1.660270094871521,0.00010188778259140225
4861,2209.472304582596,1.6048388481140137,0.00010186092912062799
4862,2209.916210412979,1.6563165187835693,0.00010183426761839488
4863,2210.361717224121,1.682896375656128,0.0001018077980961239
4864,2210.805241584778,1.5815989971160889,0.00010178152056515372
4865,2211.2542321681976,1.603031873703003,0.0001017554350367408
4866,2211.705075979233,1.547437310218811,0.00010172954152205933
4867,2212.1522121429443,1.5948195457458496,0.00010170384003220132
4868,2212.5954756736755,1.6019777059555054,0.00010167833057817644
4869,2213.037053346634,1.5994212627410889,0.00010165301317091215
4870,2213.4847621917725,1.7065606117248535,0.00010162788782125359
4871,2213.93350481987,1.7431913614273071,0.00010160295453996368
4872,2214.3797082901,1.6729090213775635,0.00010157821333772304
4873,2214.823262453079,1.6380456686019897,0.00010155366422513004
4874,2215.2723784446716,1.5968267917633057,0.00010152930721270076
4875,2215.7204608917236,1.6739181280136108,0.00010150514231086886
4876,2216.1668469905853,1.5699222087860107,0.00010148116952998591
4877,2216.6151838302612,1.6543573141098022,0.00010145738888032111
4878,2217.060388326645,1.5592284202575684,0.00010143380037206123
4879,2217.512801170349,1.6767611503601074,0.0001014104040153109
4880,2217.9566593170166,1.6652944087982178,0.00010138719982009242
4881,2218.4020268917084,1.6168197393417358,0.00010136418779634567
4882,2218.848112344742,1.6781103610992432,0.00010134136795392828
4883,2219.2969636917114,1.71433687210083,0.00010131874030261551
4884,2219.7439856529236,1.6235268115997314,0.00010129630485210042
4885,2220.1845293045044,1.506129264831543,0.00010127406161199356
4886,2220.6345319747925,1.6324305534362793,0.00010125201059182329
4887,2221.0796349048615,1.6951525211334229,0.0001012301518010355
4888,2221.528289794922,1.5777270793914795,0.00010120848524899386
4889,2221.974312543869,1.6411361694335938,0.00010118701094497962
4890,2222.417154788971,1.6931953430175781,0.00010116572889819165
4891,2222.8650889396667,1.6686145067214966,0.00010114463911774652
4892,2223.3121926784515,1.6541963815689087,0.00010112374161267848
4893,2223.7604744434357,1.6522964239120483,0.0001011030363919393
4894,2224.2061302661896,1.7473002672195435,0.00010108252346439842
4895,2224.651156425476,1.6910265684127808,0.00010106220283884293
4896,2225.095899581909,1.6009896993637085,0.00010104207452397763
4897,2225.5415720939636,1.6179478168487549,0.00010102213852842474
4898,2225.9891686439514,1.7479380369186401,0.0001010023948607243
4899,2226.4373099803925,1.6473908424377441,0.00010098284352933377
4900,2226.8835475444794,1.613061785697937,0.00010096348454262843
4901,2227.3292365074158,1.7121305465698242,0.000100944317908901
4902,2227.773072719574,1.6416438817977905,0.00010092534363636178
4903,2228.21737241745,1.4894206523895264,0.0001009065617331389
4904,2228.6687228679657,1.5363430976867676,0.0001008879722072778
4905,2229.1134989261627,1.6998447179794312,0.00010086957506674173
4906,2229.5586988925934,1.6322826147079468,0.00010085137031941137
4907,2230.0037474632263,1.7068119049072266,0.0001008333579730851
4908,2230.449858903885,1.6822543144226074,0.00010081553803547882
4909,2230.897446155548,1.5553257465362549,0.0001007979105142261
4910,2231.3403754234314,1.5729284286499023,0.00010078047541687788
4911,2231.785130262375,1.5810874700546265,0.00010076323275090286
4912,2232.2365992069244,1.7064404487609863,0.00010074618252368726
4913,2232.684173345566,1.7299649715423584,0.00010072932474253484
4914,2233.1341273784637,1.713186264038086,0.00010071265941466695
4915,2233.581625699997,1.664503812789917,0.00010069618654722249
4916,2234.0286383628845,1.566604495048523,0.00010067990614725794
4917,2234.472417116165,1.64934241771698,0.00010066381822174725
4918,2234.919022798538,1.6083769798278809,0.000100647922777582
4919,2235.368320465088,1.650454044342041,0.0001006322198215713
4920,2235.8146142959595,1.5885851383209229,0.00010061670936044178
4921,2236.2623374462128,1.5738836526870728,0.00010060139140083764
4922,2236.712646007538,1.6603291034698486,0.00010058626594932062
4923,2237.1616814136505,1.68754243850708,0.00010057133301236993
4924,2237.610271692276,1.6780967712402344,0.00010055659259638241
4925,2238.0566415786743,1.6876527070999146,0.00010054204470767242
4926,2238.5019698143005,1.6090757846832275,0.00010052768935247176
4927,2238.946733236313,1.643367886543274,0.00010051352653692982
4928,2239.393241882324,1.5873215198516846,0.00010049955626711355
4929,2239.8651854991913,1.6615657806396484,0.00010048577854900724
4930,2240.3137316703796,1.5082999467849731,0.00010047219338851295
4931,2240.759378671646,1.6551144123077393,0.00010045880079145011
4932,2241.2014977931976,1.6495270729064941,0.00010044560076355562
4933,2241.6455929279327,1.6346631050109863,0.00010043259331048403
4934,2242.0911605358124,1.5116453170776367,0.00010041977843780727
4935,2242.5378918647766,1.622930884361267,0.00010040715615101484
4936,2242.986718416214,1.5787805318832397,0.00010039472645551373
4937,2243.4307594299316,1.531937837600708,0.00010038248935662848
4938,2243.8756346702576,1.5498321056365967,0.00010037044485960094
4939,2244.3238213062286,1.7026418447494507,0.00010035859296959068
4940,2244.7669847011566,1.6807172298431396,0.0001003469336916747
4941,2245.211297750473,1.67195725440979,0.00010033546703084739
4942,2245.661576271057,1.5806405544281006,0.00010032419299202074
4943,2246.1116733551025,1.6291399002075195,0.00010031311158002423
4944,2246.5583605766296,1.7283759117126465,0.0001003022227996047
4945,2247.0023469924927,1.6233453750610352,0.00010029152665542663
4946,2247.449843645096,1.6076503992080688,0.00010028102315207185
4947,2247.898360967636,1.6228065490722656,0.00010027071229403978
4948,2248.347011089325,1.7017189264297485,0.00010026059408574721
4949,2248.7888128757477,1.5518323183059692,0.00010025066853152853
4950,2249.2352702617645,1.5875744819641113,0.00010024093563563544
4951,2249.6802730560303,1.6650075912475586,0.00010023139540223732
4952,2250.125177383423,1.6377114057540894,0.00010022204783542078
4953,2250.572486639023,1.5773992538452148,0.00010021289293919013
4954,2251.014286518097,1.6497910022735596,0.00010020393071746698
4955,2251.463398218155,1.538894534111023,0.00010019516117409046
4956,2251.907497406006,1.6757142543792725,0.00010018658431281716
4957,2252.3504157066345,1.5134437084197998,0.00010017820013732113
4958,2252.7974886894226,1.6793009042739868,0.00010017000865119394
4959,2253.2409534454346,1.6243531703948975,0.00010016200985794448
4960,2253.690515756607,1.6835520267486572,0.00010015420376099923
4961,2254.135085582733,1.6001639366149902,0.00010014659036370208
4962,2254.5845036506653,1.555807113647461,0.00010013916966931436
4963,2255.0317993164062,1.5882112979888916,0.00010013194168101483
4964,2255.4774010181427,1.7066287994384766,0.00010012490640189975
4965,2255.9259543418884,1.6220440864562988,0.00010011806383498282
4966,2256.3753638267517,1.714584231376648,0.00010011141398319521
4967,2256.8201653957367,1.7283616065979004,0.00010010495684938541
4968,2257.2669191360474,1.765783429145813,0.00010009869243631953
4969,2257.7107679843903,1.610541820526123,0.00010009262074668102
4970,2258.1585578918457,1.648653268814087,0.00010008674178307083
4971,2258.6099910736084,1.6163644790649414,0.00010008105554800728
4972,2259.0590608119965,1.6254162788391113,0.00010007556204392615
4973,2259.5076756477356,1.673266887664795,0.00010007026127318075
4974,2259.952859401703,1.6027929782867432,0.00010006515323804173
4975,2260.397025823593,1.6901370286941528,0.00010006023794069719
4976,2260.8428699970245,1.6085492372512817,0.00010005551538325273
4977,2261.2967822551727,1.6452187299728394,0.00010005098556773131
4978,2261.7441573143005,1.5591758489608765,0.0001000466484960734
4979,2262.1896889209747,1.6206352710723877,0.00010004250417013677
4980,2262.631423473358,1.545046329498291,0.00010003855259169685
4981,2263.0780634880066,1.592689037322998,0.00010003479376244625
4982,2263.5222408771515,1.6431734561920166,0.00010003122768399521
4983,2263.967754125595,1.5528994798660278,0.00010002785435787128
4984,2264.4137630462646,1.5844292640686035,0.00010002467378551954
4985,2264.8599758148193,1.67453932762146,0.00010002168596830241
4986,2265.3081381320953,1.602665662765503,0.00010001889090749974
4987,2265.7526082992554,1.6104316711425781,0.00010001628860430891
4988,2266.195373773575,1.6018704175949097,0.00010001387905984466
4989,2266.638961315155,1.6194324493408203,0.00010001166227513911
4990,2267.0861015319824,1.5560026168823242,0.00010000963825114185
4991,2267.5335097312927,1.650904655456543,0.00010000780698872
4992,2267.980981349945,1.7212036848068237,0.00010000616848865797
4993,2268.424818277359,1.698238492012024,0.00010000472275165761
4994,2268.8713557720184,1.6435033082962036,0.00010000346977833826
4995,2269.317718029022,1.6991732120513916,0.0001000024095692366
4996,2269.762079000473,1.5568172931671143,0.00010000154212480686
4997,2270.205471277237,1.6202423572540283,0.00010000086744542065
4998,2270.6498894691467,1.5316654443740845,0.00010000038553136689
4999,2271.093215227127,1.6655328273773193,0.00010000009638285205
